strategy,entry,exit,min_hold_days,confirm_days,cooldown_days,full_median_calmar,first_median_calmar,second_median_calmar,worst_half_calmar,full_median_return,first_median_return,second_median_return,full_trades,full_win,full_positive,full_beat_bh,full_median_vs_bh
low_kdj_25__hold_or_trend_down,low_kdj_25,hold_or_trend_down,20,4,0,2.31,1.61,1.01,1.01,53.56,30.55,14.98,314,65.29,54,17,-126.16
low_kdj_25__hold_gone,low_kdj_25,hold_gone,20,4,0,2.28,1.61,1.0,1.0,53.56,30.55,14.59,313,64.86,54,17,-126.16
low_kdj_25__hold_or_trend_down,low_kdj_25,hold_or_trend_down,30,4,0,2.67,1.6,0.94,0.94,61.87,34.11,14.59,273,71.43,57,16,-112.04
low_kdj_25__hold_gone,low_kdj_25,hold_gone,20,2,0,2.12,1.27,0.89,0.89,45.96,27.38,17.74,325,63.38,54,16,-151.63
low_kdj_25__hold_or_trend_down,low_kdj_25,hold_or_trend_down,20,2,0,2.12,1.27,0.89,0.89,45.96,27.38,17.74,326,63.5,54,16,-151.63
low_kdj_25__hold_or_shou_gone,low_kdj_25,hold_or_shou_gone,20,2,0,1.94,1.27,0.89,0.89,44.64,27.52,17.74,344,62.5,54,16,-149.05
low_kdj_25__hold_gone,low_kdj_25,hold_gone,20,3,0,2.12,1.33,0.87,0.87,47.19,30.55,18.57,315,65.4,55,16,-139.73
low_kdj_25__hold_or_trend_down,low_kdj_25,hold_or_trend_down,20,3,0,2.12,1.33,0.87,0.87,47.19,30.55,18.57,316,65.51,55,16,-139.73
low_kdj_25__hold_or_shou_gone,low_kdj_25,hold_or_shou_gone,20,4,0,1.99,1.25,0.87,0.87,50.7,29.28,14.98,341,62.17,54,17,-135.69
tianma__hold_or_trend_down,tianma,hold_or_trend_down,20,4,0,2.03,1.43,0.85,0.85,39.16,30.55,11.98,248,68.95,55,17,-158.51
low_kdj_25__hold_or_shou_gone,low_kdj_25,hold_or_shou_gone,20,3,0,1.74,1.25,0.85,0.85,46.18,28.85,18.57,341,63.05,53,16,-134.95
low_kdj_25__mu_or_shou_gone,low_kdj_25,mu_or_shou_gone,30,4,0,2.85,1.77,0.84,0.84,70.89,39.57,13.1,295,64.41,54,17,-95.15
tianma__hold_gone,tianma,hold_gone,20,2,0,1.95,1.34,0.83,0.83,39.47,22.44,12.43,257,66.93,53,15,-158.51
tianma__hold_or_trend_down,tianma,hold_or_trend_down,20,2,0,1.95,1.34,0.83,0.83,39.47,22.44,12.43,258,67.05,53,15,-158.51
low_kdj_25__hold_gone,low_kdj_25,hold_gone,30,4,0,2.38,1.6,0.82,0.82,57.49,34.11,13.8,273,71.06,57,16,-112.04
low_kdj_25__mu_or_shou_gone,low_kdj_25,mu_or_shou_gone,20,2,0,2.07,1.32,0.81,0.81,46.79,31.22,13.51,348,62.07,54,16,-156.74
low_kdj_25__mu_or_shou_gone,low_kdj_25,mu_or_shou_gone,30,3,0,2.05,1.59,0.8,0.8,52.43,33.7,10.85,297,64.31,55,15,-129.98
low_kdj_25__mu_or_shou_gone,low_kdj_25,mu_or_shou_gone,20,1,0,1.59,1.33,0.79,0.79,34.45,30.55,13.25,349,62.18,55,17,-178.45
tianma__hold_gone,tianma,hold_gone,30,1,0,2.44,1.72,0.78,0.78,45.29,32.79,13.01,237,70.46,57,15,-149.21
low_kdj_25__hold_or_trend_down,low_kdj_25,hold_or_trend_down,15,4,0,2.11,1.56,0.78,0.78,50.84,29.73,12.15,339,61.95,55,17,-171.05
tianma__hold_or_trend_down,tianma,hold_or_trend_down,30,1,0,2.05,1.72,0.78,0.78,43.77,30.88,13.01,237,69.62,57,14,-149.21
tianma__hold_gone,tianma,hold_gone,20,4,0,2.03,1.43,0.78,0.78,39.16,30.55,11.48,247,68.02,55,17,-158.51
tianma__hold_gone,tianma,hold_gone,20,1,0,2.35,1.39,0.77,0.77,43.12,23.95,13.12,258,67.44,53,14,-165.97
low_kdj_25__hold_or_shou_gone,low_kdj_25,hold_or_shou_gone,20,1,0,2.32,1.34,0.77,0.77,50.59,27.45,14.96,345,62.32,54,16,-175.24
low_kdj_25__hold_gone,low_kdj_25,hold_gone,20,1,0,2.19,1.34,0.77,0.77,50.59,27.45,14.53,328,63.72,53,15,-175.24
tianma__hold_gone,tianma,hold_gone,20,3,0,2.08,1.28,0.76,0.76,44.99,27.37,11.07,249,69.08,55,16,-158.51
tianma__hold_or_trend_down,tianma,hold_or_trend_down,20,3,0,2.08,1.28,0.76,0.76,44.99,27.37,11.07,250,69.2,55,16,-158.51
low_kdj_25__mu_or_shou_gone,low_kdj_25,mu_or_shou_gone,20,4,0,2.35,1.32,0.75,0.75,56.77,31.21,15.37,342,60.82,53,16,-129.42
low_kdj_25__hold_gone,low_kdj_25,hold_gone,10,1,0,1.57,1.22,0.74,0.74,33.16,19.01,8.94,399,54.13,52,15,-195.74
low_kdj_25__hold_or_trend_down,low_kdj_25,hold_or_trend_down,10,1,0,1.53,1.07,0.74,0.74,32.99,18.83,8.94,399,54.39,53,15,-195.74
low_kdj_25__hold_or_shou_gone,low_kdj_25,hold_or_shou_gone,10,1,0,1.14,0.95,0.74,0.74,32.99,17.21,8.94,431,51.04,51,14,-195.88
low_kdj_25__hold_or_shou_gone,low_kdj_25,hold_or_shou_gone,15,4,0,1.76,1.48,0.73,0.73,44.07,27.84,8.79,364,57.97,57,15,-146.17
low_kdj_25__hold_gone,low_kdj_25,hold_gone,10,3,0,2.12,1.33,0.72,0.72,42.93,25.18,11.88,374,56.68,55,15,-181.18
low_kdj_25__hold_or_trend_down,low_kdj_25,hold_or_trend_down,10,3,0,2.12,1.33,0.72,0.72,42.93,25.18,11.88,374,56.68,55,15,-181.18
low_kdj_25__hold_gone,low_kdj_25,hold_gone,30,3,0,2.09,1.47,0.72,0.72,56.22,32.02,12.69,276,70.65,58,15,-115.99
low_kdj_25__hold_or_trend_down,low_kdj_25,hold_or_trend_down,20,1,0,2.04,1.33,0.72,0.72,48.68,26.61,10.37,331,63.14,53,14,-175.24
low_kdj_25__hold_gone,low_kdj_25,hold_gone,15,3,0,1.91,1.45,0.72,0.72,46.18,28.85,12.78,341,62.46,54,16,-158.76
low_kdj_25__hold_or_trend_down,low_kdj_25,hold_or_trend_down,15,3,0,1.91,1.45,0.72,0.72,46.18,28.85,12.78,341,62.46,54,16,-158.76
low_kdj_25__mu_or_shou_gone,low_kdj_25,mu_or_shou_gone,20,3,0,1.89,1.25,0.72,0.72,49.8,28.98,12.47,346,61.85,53,14,-157.88
low_kdj_25__hold_or_trend_down,low_kdj_25,hold_or_trend_down,20,5,0,2.89,1.51,0.71,0.71,63.01,33.66,14.85,313,65.5,56,18,-119.87
low_kdj_25__hold_gone,low_kdj_25,hold_gone,20,5,0,2.89,1.51,0.71,0.71,62.93,33.66,14.85,312,65.71,57,18,-118.66
low_kdj_25__hold_and_shou_gone,low_kdj_25,hold_and_shou_gone,20,1,0,2.68,1.34,0.71,0.71,67.21,30.38,13.02,317,63.41,56,17,-102.35
low_kdj_25__hold_or_shou_gone,low_kdj_25,hold_or_shou_gone,20,5,0,2.44,1.25,0.71,0.71,56.54,29.88,14.31,339,61.95,56,18,-119.87
low_kdj_25__mu_or_shou_gone,low_kdj_25,mu_or_shou_gone,10,4,0,1.93,1.17,0.71,0.71,47.5,22.75,8.65,436,47.48,53,16,-183.85
low_kdj_25__hold_and_shou_gone,low_kdj_25,hold_and_shou_gone,30,2,0,3.59,1.7,0.7,0.7,95.56,43.98,17.93,269,72.86,58,21,-65.28
tianma__hold_gone,tianma,hold_gone,20,5,0,2.23,1.43,0.7,0.7,48.13,26.22,11.25,246,69.11,55,20,-129.1
tianma__hold_or_trend_down,tianma,hold_or_trend_down,20,5,0,2.23,1.43,0.7,0.7,44.16,26.22,11.25,247,68.83,54,20,-129.1
tianma__hold_gone,tianma,hold_gone,30,2,0,2.29,1.29,0.68,0.68,53.5,29.65,12.23,236,69.92,57,16,-155.01
tianma__hold_or_trend_down,tianma,hold_or_trend_down,30,2,0,2.29,1.29,0.68,0.68,53.5,29.65,12.23,236,69.92,57,16,-155.01
low_kdj_25__hold_or_shou_gone,low_kdj_25,hold_or_shou_gone,30,3,0,1.9,1.47,0.67,0.67,48.03,33.06,10.85,289,67.13,56,15,-125.87
low_kdj_25__mu_or_shou_gone,low_kdj_25,mu_or_shou_gone,10,1,0,1.0,0.83,0.67,0.67,24.88,13.48,8.24,451,49.45,49,12,-193.8
low_kdj_25__hold_or_shou_gone,low_kdj_25,hold_or_shou_gone,30,4,0,2.05,1.65,0.66,0.66,52.36,35.12,13.1,288,67.01,56,16,-112.04
low_kdj_25__hold_or_shou_gone,low_kdj_25,hold_or_shou_gone,10,3,0,2.0,1.11,0.66,0.66,41.8,24.19,10.52,419,51.55,52,15,-188.44
low_kdj_25__hold_gone,low_kdj_25,hold_gone,30,5,0,2.77,1.86,0.65,0.65,66.69,37.29,14.85,273,71.43,57,20,-100.52
low_kdj_25__hold_or_trend_down,low_kdj_25,hold_or_trend_down,30,5,0,2.77,1.86,0.65,0.65,66.69,37.29,14.85,273,71.43,57,20,-100.52
low_kdj_25__hold_or_trend_down,low_kdj_25,hold_or_trend_down,10,4,0,2.22,1.61,0.65,0.65,49.45,27.75,12.15,371,55.79,55,16,-169.98
low_kdj_25__hold_or_trend_down,low_kdj_25,hold_or_trend_down,5,4,0,2.2,1.33,0.65,0.65,49.45,25.9,12.15,403,52.11,55,16,-172.3
low_kdj_25__hold_gone,low_kdj_25,hold_gone,5,3,0,2.16,1.27,0.65,0.65,44.86,26.3,10.99,414,51.45,53,16,-185.27
low_kdj_25__hold_or_shou_gone,low_kdj_25,hold_or_shou_gone,30,5,0,2.05,1.83,0.65,0.65,59.02,37.29,11.25,287,67.25,56,19,-100.52
low_kdj_25__hold_or_trend_down,low_kdj_25,hold_or_trend_down,5,3,0,1.74,1.27,0.65,0.65,43.99,26.3,10.99,414,51.21,53,16,-189.07
low_kdj_25__hold_and_shou_gone,low_kdj_25,hold_and_shou_gone,20,2,0,3.59,1.43,0.63,0.63,90.86,32.89,12.71,311,63.67,58,19,-86.05
tianma__hold_or_trend_down,tianma,hold_or_trend_down,30,4,0,2.22,1.5,0.63,0.63,61.14,34.11,11.48,232,72.85,57,17,-143.57
tianma__hold_or_trend_down,tianma,hold_or_trend_down,20,1,0,2.13,1.39,0.63,0.63,39.16,23.52,10.04,259,66.8,52,12,-165.97
tianma__hold_or_shou_gone,tianma,hold_or_shou_gone,30,1,0,2.11,1.72,0.63,0.63,43.77,32.79,12.93,238,70.17,56,15,-144.29
low_kdj_25__hold_gone,low_kdj_25,hold_gone,30,1,0,1.99,1.46,0.63,0.63,43.07,31.37,13.39,286,66.78,55,15,-131.25
low_kdj_25__hold_or_shou_gone,low_kdj_25,hold_or_shou_gone,30,1,0,1.99,1.54,0.63,0.63,42.3,34.44,11.29,294,65.31,53,15,-131.91
low_kdj_25__hold_or_trend_down,low_kdj_25,hold_or_trend_down,30,1,0,1.85,1.46,0.63,0.63,41.22,28.55,13.39,286,66.08,55,14,-131.25
low_kdj_25__mu_or_shou_gone,low_kdj_25,mu_or_shou_gone,10,3,0,1.64,0.97,0.63,0.63,35.31,22.38,10.47,442,48.19,53,16,-187.09
low_kdj_25__shou_gone,low_kdj_25,shou_gone,20,2,0,2.91,1.29,0.62,0.62,73.97,30.94,12.42,336,61.01,57,18,-107.31
low_kdj_25__shou_or_trend_down,low_kdj_25,shou_or_trend_down,20,2,0,2.87,1.29,0.62,0.62,73.97,30.94,12.42,337,60.83,57,18,-107.31
low_kdj_25__hold_gone,low_kdj_25,hold_gone,15,2,0,1.64,1.28,0.62,0.62,36.2,25.56,12.23,346,60.4,52,16,-163.65
low_kdj_25__hold_or_trend_down,low_kdj_25,hold_or_trend_down,15,2,0,1.64,1.28,0.62,0.62,36.2,25.56,12.23,347,60.23,52,16,-163.66
low_kdj_25__hold_gone,low_kdj_25,hold_gone,15,1,0,1.81,1.37,0.61,0.61,41.7,24.21,7.03,352,59.09,53,16,-172.16
low_kdj_25__hold_or_shou_gone,low_kdj_25,hold_or_shou_gone,15,1,0,1.81,1.37,0.61,0.61,38.29,24.21,7.03,369,56.64,53,16,-172.16
low_kdj_25__mu_or_shou_gone,low_kdj_25,mu_or_shou_gone,15,1,0,1.77,1.33,0.61,0.61,39.99,26.05,7.03,380,56.84,54,16,-181.03
low_kdj_25__hold_or_trend_down,low_kdj_25,hold_or_trend_down,5,1,0,1.24,0.92,0.61,0.61,32.32,15.35,6.08,463,46.87,48,14,-201.81
low_kdj_25__hold_gone,low_kdj_25,hold_gone,5,1,0,1.22,1.02,0.61,0.61,30.13,16.43,6.23,461,46.42,49,15,-202.46
low_kdj_25__shou_gone,low_kdj_25,shou_gone,20,1,0,2.57,1.28,0.6,0.6,70.23,27.65,13.49,338,60.95,56,17,-108.02
tianma__mu_or_shou_gone,tianma,mu_or_shou_gone,30,2,0,2.37,1.64,0.59,0.59,63.91,38.1,10.56,240,68.33,53,18,-143.63
tianma__hold_or_shou_gone,tianma,hold_or_shou_gone,30,2,0,2.29,1.29,0.59,0.59,47.43,31.04,12.23,237,69.2,56,16,-147.47
low_kdj_25__hold_gone,low_kdj_25,hold_gone,10,4,0,2.22,1.61,0.59,0.59,46.88,27.75,9.62,371,55.53,55,16,-169.98
low_kdj_25__hold_gone,low_kdj_25,hold_gone,5,4,0,2.2,1.33,0.59,0.59,49.02,25.9,9.38,403,51.86,55,16,-172.3
tianma__mu_or_shou_gone,tianma,mu_or_shou_gone,30,1,0,2.19,1.7,0.59,0.59,48.8,30.56,12.93,240,68.33,53,17,-142.59
low_kdj_25__hold_or_trend_down,low_kdj_25,hold_or_trend_down,30,3,0,2.05,1.47,0.59,0.59,51.51,32.02,10.85,276,70.29,58,15,-115.99
low_kdj_25__hold_gone,low_kdj_25,hold_gone,15,4,0,2.03,1.56,0.59,0.59,49.45,29.73,11.86,339,61.65,55,17,-171.05
low_kdj_25__hold_or_shou_gone,low_kdj_25,hold_or_shou_gone,30,2,0,1.97,1.32,0.59,0.59,42.77,31.14,10.56,292,65.07,54,15,-134.41
tianma__hold_or_trend_down,tianma,hold_or_trend_down,15,4,0,1.97,1.43,0.59,0.59,37.8,26.93,8.56,263,66.54,56,15,-171.75
tianma__hold_or_trend_down,tianma,hold_or_trend_down,5,4,0,1.96,1.51,0.59,0.59,45.26,26.14,8.56,311,56.59,55,16,-177.49
low_kdj_25__mu_or_shou_gone,low_kdj_25,mu_or_shou_gone,30,2,0,1.92,1.65,0.59,0.59,53.76,35.29,10.56,300,64.0,53,15,-118.44
tianma__hold_or_trend_down,tianma,hold_or_trend_down,10,4,0,1.86,1.17,0.59,0.59,38.99,27.75,7.69,289,60.21,55,14,-174.12
low_kdj_25__hold_or_shou_gone,low_kdj_25,hold_or_shou_gone,15,3,0,1.85,1.37,0.59,0.59,44.26,26.67,11.51,364,59.07,56,15,-179.77
low_kdj_25__shou_or_trend_down,low_kdj_25,shou_or_trend_down,20,1,0,2.38,1.44,0.58,0.58,50.52,27.65,10.94,340,60.29,54,15,-110.86
tianma__hold_or_shou_gone,tianma,hold_or_shou_gone,30,4,0,2.15,1.5,0.58,0.58,53.74,34.11,11.48,235,71.49,56,17,-137.79
low_kdj_25__mu_or_shou_gone,low_kdj_25,mu_or_shou_gone,30,1,0,1.56,1.4,0.58,0.58,42.3,29.39,11.29,301,62.79,50,15,-127.37
low_kdj_25__hold_or_shou_gone,low_kdj_25,hold_or_shou_gone,10,4,0,1.85,1.16,0.56,0.56,44.12,25.68,8.14,417,50.84,54,16,-184.0
low_kdj_25__hold_or_shou_gone,low_kdj_25,hold_or_shou_gone,15,2,0,1.62,1.31,0.56,0.56,36.48,24.51,7.41,366,57.38,53,16,-181.95
low_kdj_25__hold_or_shou_gone,low_kdj_25,hold_or_shou_gone,10,2,0,1.08,0.83,0.56,0.56,30.0,15.77,10.07,426,48.83,51,15,-201.33
tianma__hold_gone,tianma,hold_gone,30,4,0,2.22,1.5,0.55,0.55,61.14,34.11,10.47,232,72.41,57,17,-143.57
tianma__hold_gone,tianma,hold_gone,15,4,0,1.97,1.43,0.55,0.55,37.8,26.93,8.11,263,66.16,56,15,-171.75
low_kdj_25__hold_gone,low_kdj_25,hold_gone,10,2,0,1.39,0.93,0.55,0.55,32.47,16.59,9.57,387,52.45,50,14,-198.94
low_kdj_25__hold_or_trend_down,low_kdj_25,hold_or_trend_down,10,2,0,1.39,0.93,0.55,0.55,32.47,16.59,9.57,388,52.32,50,14,-198.94
low_kdj_25__hold_gone,low_kdj_25,hold_gone,15,5,0,2.54,1.51,0.54,0.54,60.51,29.92,11.06,336,62.5,56,18,-141.83
low_kdj_25__hold_or_trend_down,low_kdj_25,hold_or_trend_down,15,5,0,2.54,1.51,0.54,0.54,60.51,29.92,11.06,336,62.5,56,18,-145.0
low_kdj_25__mu_or_shou_gone,low_kdj_25,mu_or_shou_gone,20,5,0,2.33,1.35,0.54,0.54,58.93,32.87,14.35,339,61.06,56,18,-100.11
low_kdj_25__mu_or_shou_gone,low_kdj_25,mu_or_shou_gone,10,2,0,1.41,0.85,0.54,0.54,37.6,21.1,9.66,448,46.87,50,16,-189.39
low_kdj_25__shou_gone,low_kdj_25,shou_gone,30,1,0,3.17,1.68,0.53,0.53,79.26,41.15,12.06,286,68.53,58,19,-99.45
low_kdj_25__shou_or_trend_down,low_kdj_25,shou_or_trend_down,30,1,0,2.65,1.81,0.53,0.53,78.13,38.87,12.06,286,65.04,54,17,-99.58
tianma__hold_gone,tianma,hold_gone,15,5,0,2.23,1.34,0.53,0.53,47.18,32.87,6.92,261,67.05,55,18,-144.0
tianma__hold_or_trend_down,tianma,hold_or_trend_down,15,5,0,2.23,1.34,0.53,0.53,46.35,32.87,6.92,261,66.67,55,18,-144.0
tianma__hold_gone,tianma,hold_gone,10,4,0,1.86,1.17,0.53,0.53,38.99,27.75,7.69,289,59.86,55,14,-174.12
low_kdj_25__shou_gone,low_kdj_25,shou_gone,30,3,0,3.27,1.62,0.52,0.52,87.77,43.7,12.97,279,69.18,56,21,-71.36
low_kdj_25__shou_or_trend_down,low_kdj_25,shou_or_trend_down,30,3,0,3.27,1.62,0.52,0.52,87.77,43.49,12.97,279,68.82,56,21,-71.36
low_kdj_25__hold_or_shou_gone,low_kdj_25,hold_or_shou_gone,15,5,0,2.58,1.48,0.52,0.52,52.39,29.84,8.08,362,58.29,58,16,-119.87
tianma__hold_or_shou_gone,tianma,hold_or_shou_gone,20,1,0,2.22,1.39,0.5,0.5,39.16,23.39,7.91,259,65.64,52,13,-165.97
low_kdj_25__hold_or_trend_down,low_kdj_25,hold_or_trend_down,15,1,0,1.75,1.33,0.5,0.5,37.49,23.69,6.27,353,58.92,53,15,-172.16
low_kdj_25__hold_and_shou_gone,low_kdj_25,hold_and_shou_gone,30,3,0,3.75,1.65,0.49,0.49,93.86,43.7,17.67,264,73.86,57,22,-63.19
low_kdj_25__hold_and_shou_gone,low_kdj_25,hold_and_shou_gone,30,4,0,3.64,1.79,0.49,0.49,95.27,44.41,14.57,260,74.62,57,27,-18.04
low_kdj_25__shou_gone,low_kdj_25,shou_gone,30,2,0,3.41,1.77,0.49,0.49,88.59,43.98,11.48,285,68.07,58,21,-94.57
low_kdj_25__shou_or_trend_down,low_kdj_25,shou_or_trend_down,30,2,0,3.41,1.77,0.49,0.49,88.59,42.85,11.48,285,68.07,58,21,-94.57
low_kdj_25__hold_and_shou_gone,low_kdj_25,hold_and_shou_gone,30,1,0,3.27,1.67,0.49,0.49,79.26,41.15,12.91,274,71.53,58,20,-72.75
low_kdj_25__shou_gone,low_kdj_25,shou_gone,30,4,0,3.26,1.72,0.49,0.49,93.38,44.41,15.77,277,71.12,56,21,-64.28
low_kdj_25__shou_or_trend_down,low_kdj_25,shou_or_trend_down,30,4,0,3.26,1.72,0.49,0.49,93.38,44.41,15.77,277,70.76,56,21,-64.28
tianma__shou_or_trend_down,tianma,shou_or_trend_down,30,1,0,2.71,1.51,0.49,0.49,60.67,38.87,9.28,232,69.83,55,19,-128.84
tianma__shou_gone,tianma,shou_gone,30,1,0,2.66,1.6,0.49,0.49,68.71,41.15,9.27,232,72.85,55,21,-127.89
low_kdj_25__shou_gone,low_kdj_25,shou_gone,20,3,0,2.62,1.3,0.49,0.49,70.2,29.53,13.21,333,60.36,57,21,-88.24
low_kdj_25__shou_or_trend_down,low_kdj_25,shou_or_trend_down,20,3,0,2.62,1.3,0.49,0.49,70.2,29.53,13.21,333,60.36,56,20,-88.24
tianma__hold_and_shou_gone,tianma,hold_and_shou_gone,30,1,0,2.62,1.59,0.49,0.49,68.83,39.59,9.27,230,73.91,56,20,-127.89
tianma__hold_or_trend_down,tianma,hold_or_trend_down,30,5,0,2.57,1.5,0.49,0.49,59.09,36.23,9.28,232,72.85,56,20,-128.84
tianma__hold_gone,tianma,hold_gone,30,5,0,2.57,1.5,0.49,0.49,57.98,36.23,9.28,232,73.28,56,20,-128.84
tianma__hold_gone,tianma,hold_gone,30,3,0,2.34,1.7,0.49,0.49,56.0,34.91,9.83,233,72.53,58,17,-154.18
tianma__hold_or_trend_down,tianma,hold_or_trend_down,30,3,0,2.34,1.7,0.49,0.49,56.0,34.91,9.83,233,72.53,58,17,-154.18
tianma__hold_or_shou_gone,tianma,hold_or_shou_gone,30,5,0,2.31,1.63,0.49,0.49,57.98,37.95,9.28,235,71.92,55,20,-128.84
tianma__mu_or_shou_gone,tianma,mu_or_shou_gone,30,3,0,2.27,1.3,0.49,0.49,57.98,35.44,9.28,239,69.04,55,18,-143.16
tianma__hold_or_shou_gone,tianma,hold_or_shou_gone,30,3,0,2.18,1.7,0.49,0.49,56.0,35.44,9.83,235,71.06,57,17,-148.46
low_kdj_25__hold_gone,low_kdj_25,hold_gone,30,2,0,1.97,1.2,0.49,0.49,46.97,27.22,12.23,282,67.38,55,15,-127.89
low_kdj_25__hold_or_trend_down,low_kdj_25,hold_or_trend_down,30,2,0,1.97,1.2,0.49,0.49,46.97,27.22,12.23,282,67.38,55,15,-127.89
low_kdj_25__hold_or_trend_down,low_kdj_25,hold_or_trend_down,5,2,0,1.17,0.91,0.49,0.49,25.83,18.14,7.35,437,46.45,48,14,-200.63
low_kdj_25__hold_gone,low_kdj_25,hold_gone,5,2,0,1.17,0.91,0.49,0.49,25.12,18.14,7.35,436,46.56,47,14,-201.87
low_kdj_25__hold_gone,low_kdj_25,hold_gone,10,5,0,2.79,1.5,0.48,0.48,61.42,30.74,9.62,364,56.87,55,16,-140.1
low_kdj_25__hold_or_trend_down,low_kdj_25,hold_or_trend_down,10,5,0,2.79,1.5,0.48,0.48,61.42,30.74,9.62,364,56.87,55,16,-143.33
low_kdj_25__hold_and_shou_gone,low_kdj_25,hold_and_shou_gone,15,2,0,2.71,1.51,0.48,0.48,81.85,34.29,10.73,330,61.21,56,20,-80.62
low_kdj_25__shou_gone,low_kdj_25,shou_gone,10,2,0,2.67,1.42,0.48,0.48,67.31,30.05,10.73,407,50.12,57,18,-92.88
low_kdj_25__shou_or_trend_down,low_kdj_25,shou_or_trend_down,10,2,0,2.67,1.42,0.48,0.48,66.53,30.05,10.73,408,50.0,57,18,-92.88
tianma__mu_or_shou_gone,tianma,mu_or_shou_gone,20,1,0,2.19,1.63,0.48,0.48,41.65,26.33,7.46,260,65.77,51,16,-183.65
low_kdj_25__mu_or_shou_gone,low_kdj_25,mu_or_shou_gone,15,2,0,1.91,1.44,0.48,0.48,43.95,26.75,7.35,379,56.2,55,16,-182.07
low_kdj_25__hold_gone,low_kdj_25,hold_gone,5,5,0,2.64,1.41,0.47,0.47,57.59,27.25,9.62,392,53.57,56,17,-136.53
low_kdj_25__hold_or_trend_down,low_kdj_25,hold_or_trend_down,5,5,0,2.64,1.41,0.47,0.47,57.59,27.25,9.62,392,53.57,56,17,-139.85
tianma__hold_or_shou_gone,tianma,hold_or_shou_gone,20,4,0,1.87,1.12,0.47,0.47,38.14,26.93,7.72,257,64.98,54,15,-158.51
tianma__hold_or_shou_gone,tianma,hold_or_shou_gone,15,4,0,1.6,1.12,0.47,0.47,37.39,26.93,8.11,276,61.59,54,13,-179.04
low_kdj_25__hold_and_shou_gone,low_kdj_25,hold_and_shou_gone,30,5,0,3.59,1.75,0.46,0.46,97.51,41.97,14.25,253,73.91,57,25,-7.92
low_kdj_25__shou_gone,low_kdj_25,shou_gone,15,2,0,2.78,1.51,0.46,0.46,74.63,36.02,10.42,357,56.02,57,16,-95.55
low_kdj_25__shou_or_trend_down,low_kdj_25,shou_or_trend_down,15,2,0,2.75,1.51,0.46,0.46,74.63,36.02,10.42,358,55.87,57,16,-95.55
low_kdj_25__shou_or_trend_down,low_kdj_25,shou_or_trend_down,15,1,0,2.53,1.6,0.46,0.46,51.51,31.26,10.09,362,55.52,56,15,-124.37
low_kdj_25__hold_and_shou_gone,low_kdj_25,hold_and_shou_gone,15,1,0,2.38,1.44,0.46,0.46,65.56,33.33,10.09,337,60.53,57,19,-100.36
low_kdj_25__shou_gone,low_kdj_25,shou_gone,15,1,0,2.38,1.48,0.46,0.46,57.84,33.33,10.09,359,56.27,57,15,-96.38
tianma__hold_gone,tianma,hold_gone,10,3,0,2.04,1.31,0.46,0.46,41.11,25.04,7.37,291,60.82,54,14,-181.18
tianma__hold_or_trend_down,tianma,hold_or_trend_down,10,3,0,2.04,1.31,0.46,0.46,41.11,25.04,7.37,291,60.82,54,14,-181.18
tianma__hold_gone,tianma,hold_gone,10,1,0,1.21,1.23,0.46,0.46,26.65,15.83,5.91,308,56.49,52,13,-192.75
tianma__hold_or_trend_down,tianma,hold_or_trend_down,10,1,0,1.21,1.23,0.46,0.46,26.65,15.83,5.91,308,57.14,52,13,-192.75
tianma__hold_and_shou_gone,tianma,hold_and_shou_gone,20,1,0,2.37,1.26,0.45,0.45,56.57,27.65,9.04,251,66.14,54,17,-128.84
tianma__mu_or_shou_gone,tianma,mu_or_shou_gone,30,4,0,2.36,1.5,0.45,0.45,58.7,36.23,11.48,237,68.78,54,18,-128.6
low_kdj_25__hold_or_shou_gone,low_kdj_25,hold_or_shou_gone,10,5,0,2.16,1.35,0.45,0.45,51.35,27.25,6.54,413,51.82,54,16,-141.27
low_kdj_25__mu_or_shou_gone,low_kdj_25,mu_or_shou_gone,15,4,0,1.99,1.36,0.44,0.44,52.13,29.0,8.79,373,54.15,54,16,-192.0
tianma__hold_or_shou_gone,tianma,hold_or_shou_gone,20,2,0,1.91,1.34,0.44,0.44,37.94,22.44,8.08,259,65.64,52,14,-158.51
low_kdj_25__hold_and_shou_gone,low_kdj_25,hold_and_shou_gone,5,2,0,2.56,1.61,0.43,0.43,67.41,35.54,9.24,403,49.63,57,19,-92.77
tianma__hold_or_shou_gone,tianma,hold_or_shou_gone,20,3,0,2.03,1.27,0.43,0.43,44.99,27.25,7.88,257,66.15,53,16,-158.51
low_kdj_25__mu_or_shou_gone,low_kdj_25,mu_or_shou_gone,30,5,0,2.82,1.76,0.42,0.42,83.06,39.29,11.25,292,64.38,54,18,-94.31
low_kdj_25__hold_and_shou_gone,low_kdj_25,hold_and_shou_gone,10,1,0,2.73,1.48,0.42,0.42,61.57,33.33,10.09,372,54.3,58,18,-93.21
tianma__hold_gone,tianma,hold_gone,10,5,0,2.45,1.32,0.42,0.42,50.08,29.06,6.92,282,61.7,56,18,-137.64
tianma__hold_or_trend_down,tianma,hold_or_trend_down,10,5,0,2.45,1.32,0.42,0.42,48.13,29.06,6.92,282,61.35,56,18,-137.64
tianma__hold_gone,tianma,hold_gone,5,5,0,2.23,1.41,0.42,0.42,48.58,26.88,6.92,301,58.14,56,18,-144.83
tianma__hold_or_trend_down,tianma,hold_or_trend_down,5,5,0,2.23,1.41,0.42,0.42,48.41,26.88,6.92,301,58.14,56,18,-144.83
low_kdj_25__shou_gone,low_kdj_25,shou_gone,10,1,0,2.39,1.29,0.41,0.41,57.72,28.5,10.03,412,50.49,57,17,-93.21
low_kdj_25__shou_or_trend_down,low_kdj_25,shou_or_trend_down,10,1,0,2.39,1.44,0.41,0.41,56.19,25.94,9.42,415,49.64,55,16,-123.38
tianma__hold_gone,tianma,hold_gone,5,4,0,1.97,1.51,0.41,0.41,45.26,26.14,7.69,311,56.27,55,16,-177.49
low_kdj_25__shou_gone,low_kdj_25,shou_gone,10,3,0,2.72,1.42,0.4,0.4,66.17,35.0,10.35,399,50.88,58,20,-67.46
low_kdj_25__shou_or_trend_down,low_kdj_25,shou_or_trend_down,10,3,0,2.72,1.42,0.4,0.4,66.17,35.0,10.35,399,50.63,58,20,-67.46
tianma__hold_and_shou_gone,tianma,hold_and_shou_gone,30,2,0,2.5,1.67,0.4,0.4,68.72,45.06,7.72,228,74.12,58,21,-108.88
tianma__hold_gone,tianma,hold_gone,15,3,0,2.08,1.57,0.4,0.4,40.53,25.3,8.31,267,66.67,53,14,-186.18
tianma__hold_or_trend_down,tianma,hold_or_trend_down,15,3,0,2.08,1.57,0.4,0.4,40.53,25.3,8.31,267,66.67,53,14,-186.18
low_kdj_25__shou_gone,low_kdj_25,shou_gone,20,5,0,2.63,1.57,0.39,0.39,77.47,40.2,9.28,328,61.59,57,22,-63.93
tianma__shou_gone,tianma,shou_gone,15,1,0,2.0,1.2,0.39,0.39,52.39,27.4,7.12,272,59.93,53,17,-135.35
tianma__hold_gone,tianma,hold_gone,5,3,0,2.0,1.5,0.39,0.39,41.37,25.04,7.37,318,55.97,53,15,-189.99
tianma__hold_or_trend_down,tianma,hold_or_trend_down,5,3,0,2.0,1.5,0.39,0.39,41.37,25.04,7.37,318,55.66,53,15,-189.07
tianma__shou_or_trend_down,tianma,shou_or_trend_down,15,1,0,1.93,1.44,0.39,0.39,41.42,27.4,7.12,273,58.61,52,15,-128.84
tianma__mu_or_shou_gone,tianma,mu_or_shou_gone,20,3,0,1.62,1.25,0.39,0.39,35.08,27.09,6.49,259,63.71,52,16,-158.51
low_kdj_25__hold_or_shou_gone,low_kdj_25,hold_or_shou_gone,5,1,0,0.94,0.71,0.39,0.39,20.12,10.76,5.58,542,42.25,47,12,-205.26
tianma__mu_or_shou_gone,tianma,mu_or_shou_gone,10,1,0,0.86,0.85,0.39,0.39,21.69,10.65,5.05,323,51.7,45,10,-205.9
tianma__hold_or_shou_gone,tianma,hold_or_shou_gone,10,3,0,1.81,1.2,0.38,0.38,38.05,18.91,5.92,309,56.31,51,15,-168.84
low_kdj_25__shou_or_trend_down,low_kdj_25,shou_or_trend_down,10,4,0,2.43,1.58,0.37,0.37,63.21,38.96,6.95,394,51.78,58,23,-62.03
low_kdj_25__mu_or_shou_gone,low_kdj_25,mu_or_shou_gone,15,3,0,2.07,1.23,0.37,0.37,45.52,28.0,5.23,376,56.12,56,15,-174.78
tianma__hold_gone,tianma,hold_gone,15,1,0,2.04,1.42,0.37,0.37,39.2,23.3,4.98,275,62.18,52,14,-180.16
tianma__shou_or_trend_down,tianma,shou_or_trend_down,30,2,0,2.81,1.72,0.36,0.36,66.54,45.57,7.36,232,72.41,55,21,-126.15
tianma__shou_gone,tianma,shou_gone,30,2,0,2.58,1.72,0.36,0.36,67.31,45.57,7.36,232,72.41,55,21,-126.15
low_kdj_25__shou_gone,low_kdj_25,shou_gone,10,4,0,2.43,1.58,0.36,0.36,63.21,38.96,6.95,394,52.03,58,23,-62.53
low_kdj_25__shou_gone,low_kdj_25,shou_gone,20,4,0,2.31,1.25,0.36,0.36,64.46,34.26,6.95,329,61.09,57,22,-67.26
low_kdj_25__shou_or_trend_down,low_kdj_25,shou_or_trend_down,20,4,0,2.31,1.24,0.36,0.36,64.46,34.26,6.95,329,60.79,57,22,-67.26
tianma__hold_or_shou_gone,tianma,hold_or_shou_gone,15,5,0,2.11,1.22,0.36,0.36,46.35,26.27,6.92,274,61.68,54,16,-144.0
tianma__hold_or_shou_gone,tianma,hold_or_shou_gone,20,5,0,1.92,1.23,0.36,0.36,44.16,26.22,6.49,256,65.23,53,19,-140.39
tianma__mu_or_shou_gone,tianma,mu_or_shou_gone,20,2,0,1.88,1.63,0.36,0.36,39.26,30.55,6.49,260,64.62,53,16,-158.51
low_kdj_25__mu_or_shou_gone,low_kdj_25,mu_or_shou_gone,5,1,0,0.85,0.45,0.36,0.36,15.74,7.14,3.69,592,40.88,42,11,-195.99
tianma__hold_and_shou_gone,tianma,hold_and_shou_gone,15,1,0,2.49,1.48,0.35,0.35,57.84,30.71,7.12,265,64.15,56,19,-128.84
tianma__hold_or_shou_gone,tianma,hold_or_shou_gone,10,4,0,1.92,1.14,0.35,0.35,38.99,26.14,6.68,308,55.84,54,15,-170.36
tianma__hold_or_shou_gone,tianma,hold_or_shou_gone,15,3,0,1.77,1.24,0.34,0.34,34.64,25.04,6.34,276,62.32,52,13,-173.0
tianma__hold_and_shou_gone,tianma,hold_and_shou_gone,10,1,0,2.62,1.44,0.33,0.33,57.84,29.59,7.93,287,58.54,57,18,-128.84
tianma__hold_or_trend_down,tianma,hold_or_trend_down,15,1,0,1.94,1.42,0.33,0.33,39.2,23.95,4.94,275,61.45,52,13,-180.16
tianma__hold_gone,tianma,hold_gone,15,2,0,1.72,1.41,0.33,0.33,37.43,24.34,5.21,271,63.47,51,13,-187.43
tianma__hold_or_trend_down,tianma,hold_or_trend_down,15,2,0,1.72,1.41,0.33,0.33,37.43,24.34,5.21,272,63.24,51,13,-187.43
tianma__hold_or_shou_gone,tianma,hold_or_shou_gone,15,1,0,1.72,1.37,0.33,0.33,34.43,20.67,4.94,279,59.14,50,12,-170.65
tianma__hold_or_shou_gone,tianma,hold_or_shou_gone,15,2,0,1.56,1.37,0.33,0.33,30.97,17.68,4.94,277,59.93,51,12,-177.62
tianma__mu_or_shou_gone,tianma,mu_or_shou_gone,15,1,0,1.51,1.56,0.33,0.33,29.39,21.41,4.94,282,60.28,48,13,-174.29
tianma__mu_or_shou_gone,tianma,mu_or_shou_gone,15,3,0,1.47,0.94,0.33,0.33,34.25,22.39,4.94,281,59.07,51,15,-168.53
tianma__hold_gone,tianma,hold_gone,10,2,0,1.23,1.0,0.33,0.33,29.89,16.37,4.47,299,56.19,51,13,-194.56
tianma__hold_or_trend_down,tianma,hold_or_trend_down,10,2,0,1.23,1.0,0.33,0.33,29.89,16.37,4.47,300,56.0,51,13,-194.56
low_kdj_25__shou_gone,low_kdj_25,shou_gone,15,3,0,2.72,1.45,0.32,0.32,74.18,36.18,8.11,351,56.98,58,21,-74.13
low_kdj_25__shou_or_trend_down,low_kdj_25,shou_or_trend_down,15,3,0,2.72,1.45,0.32,0.32,74.18,36.18,8.11,351,56.98,58,21,-74.13
low_kdj_25__hold_and_shou_gone,low_kdj_25,hold_and_shou_gone,5,1,0,1.99,1.48,0.32,0.32,52.15,34.54,5.23,423,47.52,56,15,-110.86
tianma__mu_or_shou_gone,tianma,mu_or_shou_gone,15,2,0,1.68,1.41,0.32,0.32,32.12,20.13,4.47,282,58.87,50,16,-181.11
tianma__hold_or_shou_gone,tianma,hold_or_shou_gone,10,1,0,1.42,1.22,0.32,0.32,27.51,15.32,5.58,319,53.92,50,13,-182.54
tianma__mu_or_shou_gone,tianma,mu_or_shou_gone,10,2,0,1.16,1.02,0.32,0.32,30.16,17.68,4.47,321,49.53,47,11,-206.63
tianma__hold_or_shou_gone,tianma,hold_or_shou_gone,10,2,0,1.14,1.03,0.32,0.32,24.86,12.36,4.47,315,52.7,51,13,-184.93
low_kdj_25__shou_gone,low_kdj_25,shou_gone,10,5,0,2.51,1.86,0.31,0.31,73.52,41.24,5.34,393,52.42,57,23,-56.25
tianma__hold_and_shou_gone,tianma,hold_and_shou_gone,20,2,0,2.19,1.39,0.31,0.31,56.94,27.96,7.36,247,65.59,54,20,-126.15
tianma__shou_gone,tianma,shou_gone,20,1,0,1.93,1.2,0.31,0.31,43.39,25.42,5.72,253,64.03,53,17,-140.08
tianma__shou_or_trend_down,tianma,shou_or_trend_down,20,1,0,1.71,1.48,0.31,0.31,39.42,26.14,5.72,254,62.2,52,16,-140.08
low_kdj_25__hold_or_shou_gone,low_kdj_25,hold_or_shou_gone,5,4,0,1.48,0.92,0.31,0.31,32.07,20.58,4.65,515,44.66,53,13,-188.8
low_kdj_25__shou_gone,low_kdj_25,shou_gone,30,5,0,3.53,1.81,0.3,0.3,93.0,41.13,9.71,276,71.38,57,21,-60.93
tianma__hold_and_shou_gone,tianma,hold_and_shou_gone,5,2,0,2.82,1.53,0.3,0.3,56.94,31.36,5.87,310,53.87,54,20,-115.4
low_kdj_25__hold_and_shou_gone,low_kdj_25,hold_and_shou_gone,10,2,0,2.67,1.56,0.3,0.3,85.48,35.54,8.18,362,55.52,58,19,-79.37
tianma__hold_or_shou_gone,tianma,hold_or_shou_gone,10,5,0,2.06,1.17,0.3,0.3,47.08,26.99,5.12,305,56.39,55,18,-152.79
low_kdj_25__hold_and_shou_gone,low_kdj_25,hold_and_shou_gone,5,5,0,3.59,2.13,0.28,0.28,100.69,45.29,14.35,351,55.27,58,25,-9.25
low_kdj_25__hold_and_shou_gone,low_kdj_25,hold_and_shou_gone,10,5,0,3.53,1.96,0.28,0.28,100.34,44.98,14.35,327,59.33,58,25,-9.25
low_kdj_25__shou_or_trend_down,low_kdj_25,shou_or_trend_down,30,5,0,3.53,1.81,0.28,0.28,87.03,41.13,9.71,276,71.74,57,21,-60.93
low_kdj_25__hold_and_shou_gone,low_kdj_25,hold_and_shou_gone,20,5,0,3.43,1.87,0.28,0.28,96.54,42.46,14.25,289,65.05,57,24,-17.97
low_kdj_25__hold_and_shou_gone,low_kdj_25,hold_and_shou_gone,15,5,0,3.29,1.93,0.28,0.28,96.54,43.65,12.63,310,62.58,58,25,-13.83
low_kdj_25__hold_and_shou_gone,low_kdj_25,hold_and_shou_gone,15,3,0,3.16,1.6,0.28,0.28,86.47,39.29,11.02,325,61.85,58,23,-64.31
tianma__shou_gone,tianma,shou_gone,30,3,0,2.68,1.71,0.28,0.28,73.01,45.39,8.29,230,71.74,55,22,-104.37
tianma__shou_or_trend_down,tianma,shou_or_trend_down,30,3,0,2.68,1.71,0.28,0.28,73.01,45.39,8.29,230,71.74,55,22,-104.37
tianma__shou_gone,tianma,shou_gone,15,3,0,2.6,1.53,0.28,0.28,57.83,33.8,7.8,268,60.07,55,19,-118.49
tianma__shou_or_trend_down,tianma,shou_or_trend_down,15,3,0,2.6,1.53,0.28,0.28,57.83,33.8,7.8,268,60.07,55,19,-118.49
low_kdj_25__mu_or_shou_gone,low_kdj_25,mu_or_shou_gone,10,5,0,2.01,1.29,0.28,0.28,54.49,27.4,7.48,432,47.22,54,18,-96.45
low_kdj_25__hold_or_shou_gone,low_kdj_25,hold_or_shou_gone,5,3,0,1.47,0.96,0.28,0.28,34.65,20.06,4.87,519,45.09,52,12,-188.45
low_kdj_25__mu_or_shou_gone,low_kdj_25,mu_or_shou_gone,5,3,0,1.04,0.67,0.27,0.27,22.98,16.05,4.17,568,39.96,49,11,-193.89
low_kdj_25__hold_and_shou_gone,low_kdj_25,hold_and_shou_gone,15,4,0,3.22,1.76,0.26,0.26,85.85,38.03,6.95,320,61.88,58,27,-21.65
low_kdj_25__hold_and_shou_gone,low_kdj_25,hold_and_shou_gone,20,4,0,3.21,1.8,0.26,0.26,85.85,42.71,6.95,298,64.77,57,26,-18.04
low_kdj_25__shou_or_trend_down,low_kdj_25,shou_or_trend_down,15,4,0,2.35,1.48,0.26,0.26,65.45,37.18,5.62,347,57.35,58,22,-53.01
low_kdj_25__shou_gone,low_kdj_25,shou_gone,15,4,0,2.35,1.48,0.26,0.26,61.04,37.18,5.62,347,57.64,57,22,-53.01
tianma__shou_gone,tianma,shou_gone,5,3,0,1.33,1.2,0.26,0.26,30.72,22.45,5.72,337,46.88,50,13,-132.09
tianma__shou_or_trend_down,tianma,shou_or_trend_down,5,3,0,1.33,1.2,0.26,0.26,30.63,22.45,5.72,337,46.88,50,14,-132.09
low_kdj_25__hold_and_shou_gone,low_kdj_25,hold_and_shou_gone,20,3,0,3.48,1.72,0.25,0.25,91.33,42.27,9.06,303,65.02,57,21,-62.49
low_kdj_25__hold_and_shou_gone,low_kdj_25,hold_and_shou_gone,10,3,0,3.37,1.8,0.25,0.25,86.47,42.17,9.06,352,56.82,58,22,-51.26
tianma__hold_and_shou_gone,tianma,hold_and_shou_gone,10,2,0,2.95,1.39,0.25,0.25,63.48,33.33,7.72,281,59.79,56,20,-115.4
tianma__hold_and_shou_gone,tianma,hold_and_shou_gone,15,2,0,2.53,1.43,0.25,0.25,63.48,30.2,7.33,260,65.38,56,20,-123.01
tianma__shou_or_trend_down,tianma,shou_or_trend_down,15,2,0,2.46,1.37,0.24,0.24,56.47,29.77,5.19,271,59.41,54,16,-133.72
tianma__shou_or_trend_down,tianma,shou_or_trend_down,20,2,0,2.35,1.39,0.24,0.24,47.26,28.73,4.9,253,63.64,54,17,-137.72
tianma__mu_or_shou_gone,tianma,mu_or_shou_gone,10,3,0,1.16,0.83,0.24,0.24,32.85,21.39,5.11,319,51.72,52,15,-197.56
tianma__mu_or_shou_gone,tianma,mu_or_shou_gone,20,4,0,1.55,1.37,0.23,0.23,37.4,26.41,5.72,257,63.04,54,17,-140.8
low_kdj_25__hold_and_shou_gone,low_kdj_25,hold_and_shou_gone,10,4,0,3.26,1.91,0.21,0.21,90.94,39.6,6.95,343,58.6,58,27,-21.65
low_kdj_25__mu_or_shou_gone,low_kdj_25,mu_or_shou_gone,15,5,0,2.46,1.51,0.21,0.21,57.16,33.03,8.08,368,55.43,57,17,-111.5
low_kdj_25__shou_gone,low_kdj_25,shou_gone,5,3,0,1.98,1.42,0.21,0.21,44.15,30.58,4.14,495,45.25,55,18,-96.59
low_kdj_25__hold_or_shou_gone,low_kdj_25,hold_or_shou_gone,5,5,0,1.46,1.15,0.21,0.21,32.02,23.1,2.79,510,45.49,52,13,-196.86
tianma__hold_gone,tianma,hold_gone,5,1,0,1.38,1.28,0.21,0.21,28.94,15.83,3.1,353,49.29,50,14,-200.54
tianma__hold_or_trend_down,tianma,hold_or_trend_down,5,1,0,1.38,1.23,0.21,0.21,27.77,14.83,3.1,353,50.42,49,14,-199.19
low_kdj_25__shou_or_trend_down,low_kdj_25,shou_or_trend_down,10,5,0,2.51,1.86,0.2,0.2,73.52,41.24,5.34,393,52.67,57,23,-56.19
tianma__hold_or_shou_gone,tianma,hold_or_shou_gone,5,4,0,1.38,0.69,0.2,0.2,23.09,16.49,2.74,351,45.3,49,12,-191.38
tianma__mu_or_shou_gone,tianma,mu_or_shou_gone,30,5,0,2.75,1.69,0.19,0.19,67.97,40.49,7.8,234,69.23,53,21,-73.87
tianma__shou_gone,tianma,shou_gone,10,3,0,2.49,1.54,0.19,0.19,54.29,33.5,5.72,297,54.55,55,21,-117.01
tianma__shou_or_trend_down,tianma,shou_or_trend_down,10,3,0,2.49,1.54,0.19,0.19,54.29,33.5,5.72,297,54.55,55,21,-117.01
tianma__shou_gone,tianma,shou_gone,10,1,0,2.16,1.29,0.19,0.19,50.17,24.5,5.44,303,54.46,53,18,-132.98
low_kdj_25__shou_gone,low_kdj_25,shou_gone,15,5,0,3.1,2.05,0.18,0.18,77.47,40.96,5.34,345,58.84,58,23,-51.03
tianma__shou_gone,tianma,shou_gone,30,5,0,2.7,1.61,0.18,0.18,64.65,41.13,6.3,226,74.34,56,23,-62.59
low_kdj_25__shou_or_trend_down,low_kdj_25,shou_or_trend_down,20,5,0,2.63,1.57,0.18,0.18,77.47,40.2,9.28,328,61.59,57,22,-63.93
tianma__shou_gone,tianma,shou_gone,15,2,0,2.32,1.37,0.18,0.18,53.82,29.77,4.18,271,59.41,54,16,-133.72
low_kdj_25__shou_gone,low_kdj_25,shou_gone,5,4,0,1.73,1.48,0.18,0.18,47.65,30.53,2.66,490,46.53,55,19,-87.01
low_kdj_25__shou_or_trend_down,low_kdj_25,shou_or_trend_down,5,4,0,1.73,1.52,0.18,0.18,47.65,30.53,2.66,490,46.33,55,18,-98.11
low_kdj_25__mu_or_shou_gone,low_kdj_25,mu_or_shou_gone,5,4,0,1.28,1.18,0.18,0.18,27.39,22.35,3.19,557,39.68,49,11,-194.2
tianma__hold_or_shou_gone,tianma,hold_or_shou_gone,5,5,0,1.12,0.89,0.18,0.18,25.1,18.68,2.17,348,46.26,48,12,-185.74
low_kdj_25__hold_and_shou_gone,low_kdj_25,hold_and_shou_gone,5,3,0,3.08,1.88,0.17,0.17,83.16,41.63,8.54,388,51.8,57,22,-64.12
tianma__hold_and_shou_gone,tianma,hold_and_shou_gone,5,3,0,2.79,1.71,0.17,0.17,62.55,38.56,8.29,299,56.19,56,22,-61.18
tianma__shou_gone,tianma,shou_gone,20,2,0,2.19,1.39,0.17,0.17,47.26,28.73,4.16,253,63.64,54,17,-137.72
tianma__mu_or_shou_gone,tianma,mu_or_shou_gone,15,5,0,1.9,1.44,0.17,0.17,47.05,27.4,4.94,275,58.18,53,17,-128.84
tianma__hold_and_shou_gone,tianma,hold_and_shou_gone,15,3,0,2.96,1.71,0.16,0.16,71.94,36.5,7.8,255,65.49,56,22,-65.63
tianma__hold_and_shou_gone,tianma,hold_and_shou_gone,30,3,0,2.92,1.58,0.15,0.15,78.66,42.52,8.29,226,73.45,56,22,-60.87
tianma__hold_and_shou_gone,tianma,hold_and_shou_gone,20,3,0,2.87,1.71,0.15,0.15,71.94,40.49,7.04,239,67.36,53,21,-62.91
tianma__shou_gone,tianma,shou_gone,20,3,0,2.32,1.28,0.15,0.15,53.1,29.99,4.09,250,63.2,53,18,-132.09
tianma__shou_or_trend_down,tianma,shou_or_trend_down,20,3,0,2.26,1.28,0.15,0.15,53.1,29.99,4.09,250,62.8,53,18,-132.09
low_kdj_25__shou_or_trend_down,low_kdj_25,shou_or_trend_down,5,3,0,1.98,1.49,0.15,0.15,44.15,30.6,2.56,495,45.05,55,17,-96.59
tianma__hold_or_trend_down,tianma,hold_or_trend_down,5,2,0,1.4,1.2,0.15,0.15,23.88,17.68,2.68,336,50.0,51,14,-196.31
tianma__hold_gone,tianma,hold_gone,5,2,0,1.35,1.2,0.15,0.15,23.88,17.68,2.68,335,50.15,51,14,-200.44
tianma__shou_gone,tianma,shou_gone,30,4,0,2.78,1.72,0.14,0.14,73.47,44.41,6.44,228,73.68,55,23,-65.01
tianma__shou_or_trend_down,tianma,shou_or_trend_down,30,4,0,2.75,1.72,0.14,0.14,73.47,44.41,6.44,228,73.25,55,23,-65.01
tianma__hold_and_shou_gone,tianma,hold_and_shou_gone,5,1,0,2.27,1.5,0.14,0.14,51.18,32.81,2.74,323,51.39,53,19,-128.84
tianma__shou_or_trend_down,tianma,shou_or_trend_down,10,1,0,1.96,1.36,0.14,0.14,46.65,25.18,4.01,304,53.95,52,18,-128.84
low_kdj_25__shou_or_trend_down,low_kdj_25,shou_or_trend_down,15,5,0,3.1,1.94,0.13,0.13,77.47,40.96,5.34,346,58.67,58,23,-51.03
tianma__shou_or_trend_down,tianma,shou_or_trend_down,30,5,0,2.5,1.61,0.13,0.13,64.65,41.13,6.3,226,74.34,56,23,-62.59
tianma__shou_or_trend_down,tianma,shou_or_trend_down,10,2,0,2.27,1.27,0.13,0.13,48.65,26.96,3.63,300,54.0,54,18,-131.32
tianma__mu_or_shou_gone,tianma,mu_or_shou_gone,15,4,0,1.6,1.31,0.13,0.13,35.3,25.42,4.94,279,57.35,52,16,-172.71
low_kdj_25__hold_or_shou_gone,low_kdj_25,hold_or_shou_gone,5,2,0,0.89,0.6,0.12,0.12,19.2,11.92,2.98,532,42.29,46,12,-204.68
tianma__hold_and_shou_gone,tianma,hold_and_shou_gone,10,3,0,3.16,1.71,0.11,0.11,81.31,41.69,7.04,276,60.87,56,22,-59.95
low_kdj_25__hold_and_shou_gone,low_kdj_25,hold_and_shou_gone,5,4,0,2.96,1.9,0.11,0.11,85.85,39.24,6.95,374,53.74,58,28,-22.84
low_kdj_25__mu_or_shou_gone,low_kdj_25,mu_or_shou_gone,5,5,0,1.35,1.22,0.11,0.11,34.52,26.92,4.18,548,40.33,54,13,-126.43
tianma__hold_and_shou_gone,tianma,hold_and_shou_gone,30,5,0,3.1,1.4,0.1,0.1,89.52,40.4,7.63,215,75.35,56,28,-24.86
tianma__shou_gone,tianma,shou_gone,10,2,0,2.14,1.27,0.1,0.1,48.65,26.96,2.79,300,54.0,54,18,-131.32
low_kdj_25__shou_gone,low_kdj_25,shou_gone,5,2,0,1.75,1.29,0.1,0.1,45.92,29.13,4.12,505,44.95,54,14,-106.27
low_kdj_25__shou_or_trend_down,low_kdj_25,shou_or_trend_down,5,2,0,1.75,1.33,0.1,0.1,45.92,31.15,4.12,506,45.06,54,15,-106.27
tianma__shou_or_trend_down,tianma,shou_or_trend_down,5,2,0,1.19,0.99,0.1,0.1,30.97,19.91,2.35,343,45.77,47,13,-154.73
tianma__shou_gone,tianma,shou_gone,5,2,0,1.14,0.95,0.1,0.1,27.24,19.91,1.85,343,45.48,47,12,-154.73
tianma__mu_or_shou_gone,tianma,mu_or_shou_gone,5,1,0,0.39,0.17,0.09,0.09,6.33,0.56,1.22,376,40.43,38,9,-180.01
low_kdj_25__mu_or_shou_gone,low_kdj_25,mu_or_shou_gone,5,2,0,1.3,0.68,0.08,0.08,30.86,15.88,1.89,581,39.41,42,13,-196.13
tianma__hold_or_shou_gone,tianma,hold_or_shou_gone,5,1,0,0.72,0.54,0.08,0.08,15.5,9.22,1.92,370,41.62,43,10,-199.44
tianma__hold_and_shou_gone,tianma,hold_and_shou_gone,30,4,0,2.8,1.56,0.06,0.06,88.23,40.55,8.64,221,74.21,56,26,-59.02
tianma__mu_or_shou_gone,tianma,mu_or_shou_gone,20,5,0,1.96,1.42,0.06,0.06,42.17,27.4,4.79,255,62.75,53,18,-112.48
tianma__mu_or_shou_gone,tianma,mu_or_shou_gone,10,4,0,1.5,1.0,0.06,0.06,36.75,22.35,2.65,317,51.1,53,15,-190.87
low_kdj_25__shou_gone,low_kdj_25,shou_gone,5,1,0,1.59,1.15,0.05,0.05,34.16,27.4,2.16,515,43.3,53,12,-121.43
tianma__shou_gone,tianma,shou_gone,10,4,0,2.5,1.55,0.03,0.03,53.46,33.64,2.88,293,56.31,55,22,-101.59
tianma__shou_gone,tianma,shou_gone,15,4,0,2.35,1.48,0.03,0.03,60.04,37.18,4.41,266,60.9,55,21,-108.66
tianma__shou_or_trend_down,tianma,shou_or_trend_down,15,4,0,2.35,1.48,0.03,0.03,60.04,37.18,4.41,266,60.53,55,21,-109.1
low_kdj_25__shou_or_trend_down,low_kdj_25,shou_or_trend_down,5,5,0,1.93,1.88,0.03,0.03,53.75,36.77,1.94,489,46.63,54,18,-103.0
low_kdj_25__shou_gone,low_kdj_25,shou_gone,5,5,0,1.68,1.87,0.03,0.03,53.73,36.77,4.13,488,46.31,53,19,-89.73
tianma__shou_gone,tianma,shou_gone,5,4,0,1.32,1.2,0.03,0.03,30.37,22.18,4.41,335,47.46,51,15,-123.88
low_kdj_25__shou_or_trend_down,low_kdj_25,shou_or_trend_down,5,1,0,1.18,1.05,0.03,0.03,30.47,25.34,0.66,521,42.42,50,12,-151.71
tianma__shou_gone,tianma,shou_gone,5,1,0,1.23,0.78,0.01,0.01,22.29,19.09,1.34,349,44.7,48,11,-154.04
tianma__shou_or_trend_down,tianma,shou_or_trend_down,5,1,0,0.96,0.78,0.01,0.01,20.51,18.54,0.43,352,44.32,46,12,-146.12
tianma__hold_or_shou_gone,tianma,hold_or_shou_gone,5,3,0,0.93,0.72,0.01,0.01,20.92,16.88,0.23,354,45.2,51,10,-187.74
tianma__hold_and_shou_gone,tianma,hold_and_shou_gone,10,5,0,3.12,1.45,0.0,0.0,89.52,40.96,3.82,254,63.78,57,25,-53.9
tianma__hold_and_shou_gone,tianma,hold_and_shou_gone,5,5,0,3.08,1.43,0.0,0.0,86.58,40.96,6.57,270,59.26,57,24,-55.16
tianma__hold_and_shou_gone,tianma,hold_and_shou_gone,20,5,0,3.08,1.4,0.0,0.0,82.09,37.88,4.66,227,69.6,54,26,-32.72
tianma__hold_and_shou_gone,tianma,hold_and_shou_gone,15,5,0,3.06,1.42,0.0,0.0,80.49,40.74,3.82,241,67.22,57,26,-53.9
tianma__hold_and_shou_gone,tianma,hold_and_shou_gone,5,4,0,2.91,1.55,0.0,0.0,81.61,38.06,4.41,290,56.9,56,26,-62.28
tianma__hold_and_shou_gone,tianma,hold_and_shou_gone,10,4,0,2.9,1.55,0.0,0.0,82.52,38.96,1.99,268,61.94,56,26,-61.53
tianma__hold_and_shou_gone,tianma,hold_and_shou_gone,15,4,0,2.83,1.55,0.0,0.0,84.66,38.85,4.41,250,65.2,56,25,-59.02
tianma__hold_and_shou_gone,tianma,hold_and_shou_gone,20,4,0,2.83,1.55,0.0,0.0,79.49,39.29,4.41,235,67.66,53,24,-59.02
tianma__shou_or_trend_down,tianma,shou_or_trend_down,10,4,0,2.5,1.55,0.0,0.0,56.41,33.64,2.88,294,55.78,55,22,-105.77
tianma__shou_gone,tianma,shou_gone,20,5,0,2.5,1.43,0.0,0.0,54.99,34.79,2.24,246,64.63,54,20,-95.65
tianma__shou_or_trend_down,tianma,shou_or_trend_down,20,5,0,2.5,1.43,0.0,0.0,54.99,34.79,0.91,246,65.04,54,20,-95.76
tianma__shou_gone,tianma,shou_gone,15,5,0,2.49,1.43,0.0,0.0,58.2,40.5,3.82,263,61.98,55,20,-87.98
tianma__shou_or_trend_down,tianma,shou_or_trend_down,15,5,0,2.49,1.43,0.0,0.0,58.2,40.5,2.24,263,61.98,55,20,-87.98
tianma__shou_gone,tianma,shou_gone,10,5,0,2.4,1.67,0.0,0.0,52.55,40.36,2.56,289,56.4,56,22,-84.44
tianma__shou_or_trend_down,tianma,shou_or_trend_down,10,5,0,2.4,1.67,0.0,0.0,52.55,40.36,2.54,289,56.4,56,22,-84.44
tianma__shou_or_trend_down,tianma,shou_or_trend_down,20,4,0,2.28,1.38,0.0,0.0,53.46,33.64,1.99,248,64.11,53,20,-105.45
tianma__shou_gone,tianma,shou_gone,20,4,0,2.28,1.38,0.0,0.0,52.29,33.64,1.99,248,64.52,53,20,-105.45
tianma__mu_or_shou_gone,tianma,mu_or_shou_gone,10,5,0,1.59,1.15,0.0,0.0,43.19,25.14,4.36,315,50.79,54,17,-128.84
tianma__shou_gone,tianma,shou_gone,5,5,0,1.42,1.22,0.0,0.0,34.08,24.75,3.3,331,46.22,51,15,-113.76
tianma__shou_or_trend_down,tianma,shou_or_trend_down,5,5,0,1.42,1.29,0.0,0.0,34.08,24.75,0.9,331,46.22,50,15,-113.76
tianma__shou_or_trend_down,tianma,shou_or_trend_down,5,4,0,1.32,1.2,0.0,0.0,30.37,21.21,3.36,335,47.16,51,15,-123.88
tianma__mu_or_shou_gone,tianma,mu_or_shou_gone,5,5,0,0.93,0.51,0.0,0.0,20.18,11.83,0.0,361,39.06,46,9,-154.73
tianma__mu_or_shou_gone,tianma,mu_or_shou_gone,5,4,0,0.77,0.46,0.0,0.0,18.32,6.47,0.0,365,39.18,45,8,-181.37
tianma__hold_or_shou_gone,tianma,hold_or_shou_gone,5,2,0,0.61,0.51,0.0,0.0,13.34,7.46,0.0,363,42.15,45,9,-201.01
tianma__mu_or_shou_gone,tianma,mu_or_shou_gone,5,2,0,0.54,0.42,0.0,0.0,12.24,2.78,0.0,373,39.14,41,7,-192.61
tianma__mu_or_shou_gone,tianma,mu_or_shou_gone,5,3,0,0.47,0.41,0.0,0.0,15.84,6.32,0.0,370,40.0,45,11,-180.16
