strategy,segment,stocks,stocks_with_trades,trades,weighted_win_rate,positive_stocks,beat_bh_stocks,median_return,median_drawdown,median_calmar,median_vs_bh
obs_then_wait_ma20_10d,CPO,40,39,81,72.84,34,17,33.45,-21.35,2.49,-18.98
obs_then_wait_ma20_15d,CPO,40,40,84,70.24,34,17,33.45,-21.35,2.49,-18.98
obs_then_wait_caopan_15d,CPO,40,39,75,66.67,30,15,30.95,-20.29,1.73,-28.0
obs_then_wait_cxhzb_15d,CPO,40,34,65,78.46,31,12,22.94,-15.38,1.72,-30.92
obs_then_wait_rs20_basket_15d,CPO,40,40,85,56.47,30,12,34.32,-20.09,1.38,-26.82
obs_then_wait_rs20_basket_10d,CPO,40,38,79,56.96,29,12,28.64,-17.86,1.38,-26.82
obs_direct,先进封装/封测,80,80,208,71.63,55,59,17.11,-19.34,1.31,14.8
obs_direct_wait0,先进封装/封测,80,80,208,71.63,55,59,17.11,-19.34,1.31,14.8
obs_then_wait_caopan_10d,CPO,40,34,63,65.08,25,14,28.53,-20.29,1.27,-28.89
obs_then_wait_ma20_15d,存储芯片,67,62,141,63.12,47,36,18.04,-16.97,1.25,10.64
obs_then_wait_ma20_5d,CPO,40,34,72,65.28,29,16,17.28,-19.13,1.16,-23.31
obs_then_wait_ma20_cxhzb_15d,半导体材料,20,16,24,100.0,16,11,9.88,-9.7,1.1,2.37
obs_then_wait_rs20_segment_15d,CPO,40,40,82,68.29,28,16,31.59,-22.08,1.04,-13.44
obs_then_wait_ma20_10d,存储芯片,67,61,133,62.41,46,36,17.54,-16.14,1.03,10.64
obs_then_wait_ma20_5d,存储芯片,67,59,123,60.16,44,35,17.54,-15.25,1.03,7.48
obs_direct,CPO,40,40,97,61.86,28,17,18.85,-24.24,1.01,-12.88
obs_direct_wait0,CPO,40,40,97,61.86,28,17,18.85,-24.24,1.01,-12.88
obs_then_wait_rs20_segment_5d,先进封装/封测,80,77,147,71.43,53,57,12.3,-17.37,0.95,12.99
obs_then_wait_muma_10d,先进封装/封测,80,80,204,67.65,53,56,15.33,-19.16,0.94,9.79
obs_then_wait_muma_15d,先进封装/封测,80,80,204,67.65,53,56,15.33,-19.16,0.94,9.79
obs_then_wait_ma20_5d,先进封装/封测,80,76,155,74.19,62,60,16.77,-16.8,0.93,14.13
obs_then_wait_muma_5d,先进封装/封测,80,80,198,68.18,53,56,15.33,-19.16,0.93,9.79
obs_then_wait_rs20_segment_15d,先进封装/封测,80,80,180,70.56,56,61,12.03,-17.48,0.92,13.28
obs_then_wait_muma_10d,CPO,40,40,90,62.22,28,14,19.8,-24.02,0.91,-11.17
obs_then_wait_muma_15d,CPO,40,40,90,62.22,28,14,19.8,-24.02,0.91,-11.17
obs_then_wait_muma_5d,CPO,40,39,87,64.37,28,14,19.8,-22.52,0.91,-10.98
obs_direct,存储芯片,67,62,151,58.28,44,33,14.08,-17.8,0.9,-4.48
obs_direct_wait0,存储芯片,67,62,151,58.28,44,33,14.08,-17.8,0.9,-4.48
obs_then_wait_muma_10d,存储芯片,67,62,153,60.78,44,36,14.08,-17.8,0.9,2.15
obs_then_wait_muma_15d,存储芯片,67,62,153,60.78,44,36,14.08,-17.8,0.9,2.15
obs_then_wait_muma_5d,存储芯片,67,62,147,59.18,43,33,14.08,-17.8,0.9,-4.48
obs_then_wait_cxhzb_15d,半导体材料,20,18,28,85.71,14,9,9.88,-10.0,0.89,-1.96
obs_then_wait_ma20_10d,先进封装/封测,80,80,184,68.48,57,60,14.29,-18.43,0.86,14.66
obs_then_wait_ma20_15d,先进封装/封测,80,80,197,65.48,55,60,14.21,-18.66,0.86,13.48
obs_then_wait_rs20_basket_15d,连接器,40,38,68,67.65,29,28,10.28,-10.57,0.83,6.5
obs_then_wait_caopan_10d,先进封装/封测,80,78,156,69.87,65,61,8.63,-15.04,0.83,11.93
obs_then_wait_rs20_segment_10d,先进封装/封测,80,80,166,68.67,54,59,9.7,-17.48,0.79,12.93
obs_then_wait_rs20_segment_10d,CPO,40,40,80,67.5,27,14,17.28,-22.08,0.78,-27.46
obs_then_wait_rs20_segment_5d,AIPC/端侧AI,40,39,78,62.82,30,32,10.71,-18.96,0.78,17.83
obs_then_wait_muma_5d,液冷/散热,77,77,161,61.49,60,31,14.82,-19.48,0.77,-8.43
obs_then_wait_muma_10d,液冷/散热,77,77,168,58.93,58,28,14.82,-22.59,0.72,-11.17
obs_then_wait_muma_15d,液冷/散热,77,77,168,58.93,58,28,14.82,-22.59,0.72,-11.17
obs_then_wait_ma20_rs20_segment_5d,先进封装/封测,80,67,97,80.41,50,58,7.46,-10.54,0.72,13.02
obs_then_wait_ma20_rs20_segment_10d,先进封装/封测,80,77,127,70.87,54,57,9.23,-14.64,0.71,12.09
obs_direct,液冷/散热,77,77,175,58.86,63,30,15.56,-23.19,0.7,-7.44
obs_direct_wait0,液冷/散热,77,77,175,58.86,63,30,15.56,-23.19,0.7,-7.44
obs_then_wait_caopan_15d,服务器电源,60,60,111,57.66,40,35,13.59,-20.25,0.69,6.98
obs_then_wait_caopan_15d,PCB,66,62,105,57.14,43,22,9.08,-12.73,0.69,-37.83
obs_then_wait_rs20_basket_15d,算力芯片/GPU/CPU设计,40,40,82,46.34,26,29,6.95,-22.46,0.69,20.42
obs_then_wait_ma20_rs20_segment_15d,先进封装/封测,80,78,158,65.19,51,57,9.73,-16.62,0.67,11.07
obs_then_wait_rs20_segment_15d,液冷/散热,77,75,160,59.37,51,32,17.68,-22.84,0.66,-9.96
obs_then_wait_ma20_rs20_segment_5d,AIPC/端侧AI,40,34,53,73.58,30,33,9.25,-11.72,0.66,20.58
obs_then_wait_rs20_segment_15d,服务器电源,60,59,123,52.85,36,27,13.88,-20.38,0.65,-4.65
obs_then_wait_ma20_15d,PCB,66,63,124,47.58,43,26,9.63,-15.14,0.65,-34.62
obs_then_wait_ma20_10d,液冷/散热,77,77,159,61.01,62,32,13.61,-21.49,0.64,-8.39
obs_then_wait_ma20_15d,液冷/散热,77,77,165,60.61,64,32,13.61,-21.95,0.64,-6.26
obs_then_wait_rs20_basket_10d,连接器,40,35,63,65.08,24,26,6.38,-9.66,0.63,6.44
obs_then_wait_rs20_basket_10d,算力芯片/GPU/CPU设计,40,40,67,52.24,27,30,6.23,-15.07,0.62,20.72
obs_then_wait_rs20_basket_5d,光模块,100,91,142,61.27,65,28,11.82,-17.05,0.59,-64.25
obs_then_wait_caopan_15d,先进封装/封测,80,80,173,64.74,58,60,7.71,-16.23,0.58,10.54
obs_then_wait_muma_10d,服务器电源,60,59,145,58.62,39,25,12.96,-22.79,0.56,-9.13
obs_then_wait_muma_15d,服务器电源,60,59,145,58.62,39,25,12.96,-22.79,0.56,-9.13
obs_then_wait_ma20_5d,液冷/散热,77,76,143,60.84,56,31,11.24,-21.49,0.56,-9.01
obs_then_wait_cxhzb_15d,先进封装/封测,80,77,150,57.33,54,51,6.62,-15.89,0.55,8.33
obs_then_wait_ma20_15d,光模块,100,95,206,53.88,60,31,10.48,-18.12,0.54,-44.33
obs_then_wait_muma_5d,服务器电源,60,59,145,58.62,39,25,12.82,-22.79,0.53,-9.13
obs_then_wait_ma20_10d,服务器电源,60,58,132,62.88,41,27,9.42,-21.55,0.53,-10.16
obs_then_wait_ma20_15d,服务器电源,60,59,135,61.48,41,27,9.42,-21.55,0.53,-10.16
obs_direct,AI服务器,80,80,187,54.01,49,35,9.37,-19.48,0.53,-4.21
obs_direct_wait0,AI服务器,80,80,187,54.01,49,35,9.37,-19.48,0.53,-4.21
obs_then_wait_rs20_segment_5d,CPO,40,37,69,62.32,26,12,17.28,-22.08,0.52,-32.11
obs_then_wait_rs20_segment_10d,服务器电源,60,55,111,50.45,33,24,9.52,-19.65,0.52,-11.86
obs_then_wait_muma_10d,覆铜板CCL,60,56,125,65.6,36,30,6.87,-16.02,0.52,-0.28
obs_then_wait_muma_15d,覆铜板CCL,60,56,125,65.6,36,30,6.87,-16.02,0.52,-0.28
obs_then_wait_rs20_basket_15d,光模块,100,93,171,59.65,65,27,9.66,-20.59,0.5,-59.58
obs_then_wait_rs20_segment_10d,光模块,100,88,158,54.43,59,28,16.75,-19.8,0.49,-46.38
obs_then_wait_rs20_segment_15d,光模块,100,88,178,55.06,58,28,16.75,-21.26,0.49,-46.38
obs_then_wait_ma20_10d,PCB,66,60,119,45.38,42,24,8.94,-15.14,0.49,-35.61
obs_then_wait_ma20_5d,PCB,66,60,111,48.65,42,25,8.94,-14.88,0.49,-35.61
obs_then_wait_ma20_5d,交换机/网络设备,66,63,137,61.31,41,36,8.77,-17.23,0.49,3.68
obs_then_wait_muma_10d,PCB,66,64,131,44.27,39,22,8.45,-15.31,0.49,-30.39
obs_then_wait_muma_15d,PCB,66,64,131,44.27,39,22,8.45,-15.31,0.49,-30.39
obs_then_wait_muma_5d,PCB,66,64,128,42.97,39,22,8.45,-15.31,0.49,-30.39
obs_then_wait_muma_5d,算力芯片/GPU/CPU设计,40,40,106,54.72,26,31,11.18,-22.72,0.48,17.35
obs_then_wait_muma_10d,算力芯片/GPU/CPU设计,40,40,108,53.7,26,31,11.15,-22.72,0.48,16.8
obs_then_wait_muma_15d,算力芯片/GPU/CPU设计,40,40,108,53.7,26,31,11.15,-22.72,0.48,16.8
obs_then_wait_ma20_rs20_segment_10d,AIPC/端侧AI,40,35,66,59.09,27,33,6.5,-13.58,0.48,18.84
obs_then_wait_ma20_10d,算力芯片/GPU/CPU设计,40,40,97,60.83,23,36,7.2,-17.14,0.47,20.1
obs_then_wait_cxhzb_10d,先进封装/封测,80,61,98,64.29,49,51,5.72,-11.75,0.47,8.27
obs_direct,光模块,100,95,213,53.52,62,33,13.64,-22.79,0.46,-41.75
obs_direct_wait0,光模块,100,95,213,53.52,62,33,13.64,-22.79,0.46,-41.75
obs_then_wait_ma20_rs20_segment_10d,PCB,66,55,72,59.72,41,21,11.16,-12.31,0.45,-33.97
obs_direct,高速铜缆/铜连接,80,79,177,59.32,52,38,9.96,-21.46,0.45,-0.99
obs_direct_wait0,高速铜缆/铜连接,80,79,177,59.32,52,38,9.96,-21.46,0.45,-0.99
obs_direct,服务器电源,60,59,146,56.16,38,27,12.46,-25.09,0.44,-9.19
obs_direct_wait0,服务器电源,60,59,146,56.16,38,27,12.46,-25.09,0.44,-9.19
obs_then_wait_muma_10d,AI服务器,80,80,183,51.91,53,35,7.43,-19.44,0.44,-5.87
obs_then_wait_muma_15d,AI服务器,80,80,183,51.91,53,35,7.43,-19.48,0.44,-5.87
obs_then_wait_ma20_rs20_segment_15d,CPO,40,33,63,66.67,24,14,11.55,-16.33,0.43,-25.55
obs_then_wait_ma20_rs20_segment_10d,CPO,40,31,58,68.97,24,14,9.41,-16.33,0.43,-28.41
obs_then_wait_caopan_5d,CPO,40,29,53,64.15,21,14,8.71,-19.71,0.43,-27.94
obs_then_wait_rs20_segment_10d,PCB,66,60,92,53.26,40,23,7.45,-13.18,0.43,-43.41
obs_direct,覆铜板CCL,60,56,130,62.31,35,33,6.75,-15.73,0.43,1.55
obs_direct_wait0,覆铜板CCL,60,56,130,62.31,35,33,6.75,-15.73,0.43,1.55
obs_then_wait_ma20_15d,AI服务器,80,80,176,53.41,51,32,6.18,-17.7,0.43,-9.63
obs_then_wait_ma20_15d,连接器,40,40,78,55.13,23,19,4.51,-12.22,0.43,-0.96
obs_then_wait_caopan_10d,HBM,40,37,66,68.18,23,18,3.21,-16.27,0.43,-2.88
obs_then_wait_muma_5d,AI服务器,80,77,173,49.71,53,36,7.39,-19.44,0.42,-5.32
obs_then_wait_caopan_5d,先进封装/封测,80,56,85,72.94,49,54,3.75,-10.98,0.42,9.06
obs_then_wait_rs20_basket_10d,AI服务器,80,76,135,54.07,46,37,3.72,-16.3,0.42,-3.9
obs_then_wait_rs20_basket_15d,AI服务器,80,76,144,50.69,46,36,3.72,-17.71,0.42,-4.4
obs_then_wait_ma20_10d,光模块,100,94,197,53.3,58,30,8.16,-17.88,0.41,-44.33
obs_then_wait_ma20_rs20_segment_15d,算力芯片/GPU/CPU设计,40,37,69,55.07,23,26,4.48,-16.74,0.4,7.77
obs_then_wait_ma20_rs20_segment_10d,交换机/网络设备,66,62,106,54.72,41,31,4.27,-14.95,0.4,-4.67
obs_then_wait_ma20_10d,交换机/网络设备,66,66,151,58.94,38,38,8.77,-17.68,0.39,5.07
obs_then_wait_ma20_15d,交换机/网络设备,66,66,155,58.06,37,37,8.77,-17.68,0.39,3.68
obs_then_wait_rs20_segment_15d,算力/IDC/算力租赁,80,80,178,52.81,48,30,6.88,-20.82,0.39,-6.78
obs_then_wait_caopan_10d,液冷/散热,77,71,133,63.16,49,29,7.32,-20.62,0.38,-14.48
obs_then_wait_ma20_rs20_segment_15d,交换机/网络设备,66,63,110,53.64,40,31,5.25,-16.45,0.38,-1.97
obs_then_wait_rs20_segment_10d,液冷/散热,77,71,136,58.09,52,30,14.99,-22.47,0.37,-14.67
obs_then_wait_rs20_segment_10d,存储芯片,67,57,106,56.6,38,27,5.64,-15.59,0.37,-4.8
obs_then_wait_cxhzb_15d,存储芯片,67,61,120,46.67,38,29,5.16,-16.06,0.37,-7.48
obs_then_wait_caopan_10d,服务器电源,60,50,89,57.3,34,32,6.69,-18.42,0.36,2.15
obs_then_wait_ma20_cxhzb_15d,先进封装/封测,80,75,139,54.68,49,47,4.89,-14.19,0.36,5.15
obs_then_wait_rs20_segment_10d,半导体材料,20,18,36,55.56,12,8,4.2,-11.76,0.36,-14.38
obs_then_wait_rs20_segment_15d,半导体材料,20,18,36,55.56,12,8,4.2,-11.76,0.36,-14.38
obs_then_wait_rs20_segment_5d,半导体材料,20,16,26,61.54,11,8,4.2,-11.76,0.36,-13.61
obs_then_wait_muma_10d,光模块,100,95,215,53.02,57,27,10.95,-22.47,0.35,-42.53
obs_then_wait_muma_15d,光模块,100,95,215,53.02,57,27,10.95,-22.47,0.35,-42.53
obs_then_wait_rs20_basket_5d,连接器,40,32,54,70.37,22,25,6.38,-9.23,0.35,6.57
obs_then_wait_caopan_15d,算力芯片/GPU/CPU设计,40,40,91,54.95,23,30,5.81,-17.27,0.35,7.95
obs_then_wait_ma20_5d,算力芯片/GPU/CPU设计,40,37,73,63.01,26,35,5.02,-14.77,0.35,15.61
obs_then_wait_rs20_basket_5d,AIPC/端侧AI,40,40,81,38.27,22,32,4.86,-21.12,0.35,17.46
obs_then_wait_ma20_cxhzb_10d,先进封装/封测,80,54,82,68.29,45,51,4.33,-11.12,0.35,8.98
obs_then_wait_caopan_15d,液冷/散热,77,77,156,60.26,48,27,7.32,-21.67,0.34,-14.39
obs_then_wait_rs20_basket_10d,交换机/网络设备,66,62,120,57.5,39,30,4.37,-17.78,0.34,-4.97
obs_then_wait_cxhzb_10d,半导体材料,20,10,13,100.0,10,10,3.33,-2.93,0.34,0.11
obs_then_wait_ma20_cxhzb_10d,半导体材料,20,10,13,100.0,10,10,3.33,-2.93,0.34,0.11
obs_then_wait_ma20_cxhzb_15d,服务器电源,60,51,91,51.65,36,25,6.28,-16.06,0.33,-12.31
obs_then_wait_muma_5d,交换机/网络设备,66,66,158,59.49,38,30,5.84,-19.04,0.33,-4.38
obs_then_wait_rs20_basket_15d,交换机/网络设备,66,64,133,54.13,40,30,5.19,-20.02,0.33,-8.57
obs_then_wait_muma_15d,算力/IDC/算力租赁,80,80,205,50.73,44,36,5.73,-22.85,0.32,-3.44
obs_then_wait_ma20_15d,算力芯片/GPU/CPU设计,40,40,102,57.84,23,36,5.46,-18.23,0.32,20.1
obs_then_wait_rs20_segment_10d,算力/IDC/算力租赁,80,79,169,51.48,46,28,4.98,-19.92,0.31,-7.44
obs_then_wait_ma20_5d,服务器电源,60,52,113,64.6,39,27,4.49,-20.24,0.31,-6.79
obs_then_wait_caopan_15d,AI服务器,80,76,149,54.36,45,34,4.38,-15.5,0.31,-11.8
obs_then_wait_caopan_15d,覆铜板CCL,60,55,103,62.14,42,26,2.94,-13.3,0.31,-10.62
obs_then_wait_rs20_basket_10d,光模块,100,93,160,58.75,65,27,9.02,-19.04,0.3,-59.95
obs_then_wait_muma_10d,高速铜缆/铜连接,80,79,182,54.4,53,37,6.22,-21.46,0.3,-3.7
obs_then_wait_muma_15d,高速铜缆/铜连接,80,79,182,54.4,53,37,6.22,-21.46,0.3,-3.7
obs_then_wait_ma20_15d,高速铜缆/铜连接,80,79,174,56.9,47,35,5.55,-20.8,0.3,-5.21
obs_then_wait_muma_10d,算力/IDC/算力租赁,80,80,202,50.0,42,36,5.52,-22.85,0.3,-3.44
obs_then_wait_ma20_rs20_segment_15d,AIPC/端侧AI,40,36,76,55.26,22,32,4.29,-16.52,0.3,14.86
obs_then_wait_muma_5d,高速铜缆/铜连接,80,78,169,55.03,51,37,5.63,-20.68,0.29,-3.54
obs_then_wait_ma20_5d,HBM,40,39,79,60.76,25,15,4.35,-21.18,0.29,-9.24
obs_then_wait_muma_5d,覆铜板CCL,60,55,119,64.71,34,29,4.08,-15.73,0.29,-1.58
obs_then_wait_rs20_segment_5d,算力/IDC/算力租赁,80,79,148,49.32,45,28,3.61,-17.86,0.29,-8.88
obs_direct,算力/IDC/算力租赁,80,80,203,47.29,45,36,5.37,-23.25,0.28,-3.96
obs_direct_wait0,算力/IDC/算力租赁,80,80,203,47.29,45,36,5.37,-23.25,0.28,-3.96
obs_direct,交换机/网络设备,66,66,169,57.4,40,32,4.99,-20.95,0.28,-1.75
obs_direct_wait0,交换机/网络设备,66,66,169,57.4,40,32,4.99,-20.95,0.28,-1.75
obs_then_wait_ma20_5d,AI服务器,80,71,145,55.86,48,31,4.94,-15.85,0.28,-8.99
obs_then_wait_caopan_15d,交换机/网络设备,66,65,133,62.41,42,31,3.85,-17.7,0.28,-1.81
obs_then_wait_ma20_15d,覆铜板CCL,60,56,122,59.02,35,26,3.75,-16.32,0.28,-7.67
obs_then_wait_ma20_cxhzb_15d,存储芯片,67,60,110,44.55,36,27,3.18,-15.81,0.28,-10.63
obs_then_wait_rs20_basket_5d,存储芯片,67,56,104,62.5,40,32,2.99,-13.61,0.28,-1.29
obs_then_wait_ma20_rs20_segment_15d,光模块,100,88,154,54.55,62,28,7.81,-17.08,0.27,-46.38
obs_then_wait_ma20_5d,算力/IDC/算力租赁,80,79,185,53.51,51,36,6.02,-20.77,0.27,-2.75
obs_direct,半导体材料,20,18,35,71.43,11,7,4.65,-14.85,0.27,-7.66
obs_direct_wait0,半导体材料,20,18,35,71.43,11,7,4.65,-14.85,0.27,-7.66
obs_then_wait_caopan_10d,存储芯片,67,59,114,57.02,43,34,3.71,-15.25,0.27,3.6
obs_then_wait_caopan_15d,存储芯片,67,61,124,57.26,43,34,3.71,-15.25,0.27,3.6
obs_then_wait_ma20_rs20_segment_15d,服务器电源,60,59,109,56.88,33,28,5.3,-17.39,0.26,-5.38
obs_then_wait_rs20_segment_10d,交换机/网络设备,66,66,130,59.23,41,29,4.94,-18.55,0.26,-7.39
obs_then_wait_rs20_segment_15d,交换机/网络设备,66,66,134,58.21,41,27,4.94,-18.91,0.26,-8.88
obs_then_wait_caopan_10d,AI服务器,80,69,125,59.2,44,34,3.71,-13.65,0.26,-12.79
obs_then_wait_ma20_10d,覆铜板CCL,60,55,117,57.27,34,25,3.55,-15.61,0.26,-8.09
obs_then_wait_rs20_segment_15d,覆铜板CCL,60,54,96,59.37,36,24,2.95,-15.01,0.26,-6.89
obs_then_wait_rs20_segment_10d,覆铜板CCL,60,54,87,55.17,35,24,2.92,-14.38,0.26,-6.89
obs_then_wait_rs20_segment_5d,液冷/散热,77,65,114,56.14,47,27,5.48,-21.11,0.25,-30.24
obs_direct,PCB,66,64,131,48.09,38,19,3.79,-18.37,0.25,-34.44
obs_direct_wait0,PCB,66,64,131,48.09,38,19,3.79,-18.37,0.25,-34.44
obs_then_wait_muma_10d,HBM,40,39,91,58.24,30,18,7.47,-21.18,0.24,-10.4
obs_then_wait_muma_15d,HBM,40,39,91,58.24,30,18,7.47,-21.18,0.24,-10.4
obs_then_wait_muma_5d,HBM,40,39,91,58.24,30,18,7.47,-21.18,0.24,-10.4
obs_then_wait_rs20_basket_15d,AIPC/端侧AI,40,40,85,41.18,23,33,6.18,-21.12,0.24,17.46
obs_then_wait_muma_5d,算力/IDC/算力租赁,80,80,202,50.0,42,36,5.09,-22.85,0.24,-3.44
obs_then_wait_ma20_rs20_segment_15d,PCB,66,59,96,51.04,38,21,7.29,-15.21,0.23,-34.29
obs_then_wait_caopan_10d,交换机/网络设备,66,63,120,63.33,39,29,2.44,-17.33,0.23,-3.21
obs_then_wait_caopan_5d,存储芯片,67,52,76,61.84,37,34,1.81,-12.94,0.23,1.37
obs_then_wait_ma20_5d,光模块,100,91,179,51.95,56,28,5.7,-17.82,0.22,-50.01
obs_then_wait_ma20_10d,算力/IDC/算力租赁,80,80,193,52.33,49,37,5.61,-21.46,0.22,-2.75
obs_then_wait_rs20_segment_5d,交换机/网络设备,66,62,111,60.36,44,27,4.63,-17.12,0.22,-7.42
obs_then_wait_rs20_segment_15d,存储芯片,67,57,121,57.02,38,24,3.67,-16.98,0.22,-10.39
obs_then_wait_rs20_basket_15d,存储芯片,67,60,128,57.03,41,32,2.99,-15.73,0.22,-6.15
obs_then_wait_rs20_segment_5d,存储芯片,67,54,92,60.87,37,30,2.95,-15.42,0.22,-4.8
obs_then_wait_muma_10d,半导体材料,20,18,35,71.43,11,9,3.88,-14.85,0.21,-8.61
obs_then_wait_muma_15d,半导体材料,20,18,35,71.43,11,9,3.88,-14.85,0.21,-8.61
obs_then_wait_muma_5d,半导体材料,20,18,35,71.43,11,9,3.88,-14.85,0.21,-8.61
obs_then_wait_ma20_15d,云计算,40,40,115,51.3,24,31,3.5,-21.12,0.21,21.02
obs_then_wait_rs20_basket_10d,存储芯片,67,58,125,56.8,38,31,2.33,-15.25,0.21,-1.42
obs_then_wait_ma20_5d,半导体材料,20,18,32,65.62,11,8,1.7,-15.91,0.21,-7.42
obs_then_wait_ma20_rs20_segment_10d,光模块,100,86,139,52.52,59,28,7.81,-17.01,0.2,-49.06
obs_then_wait_caopan_10d,PCB,66,59,98,56.12,42,22,6.72,-11.76,0.2,-41.59
obs_direct,HBM,40,39,90,54.44,29,16,6.52,-21.18,0.2,-13.75
obs_direct_wait0,HBM,40,39,90,54.44,29,16,6.52,-21.18,0.2,-13.75
obs_then_wait_cxhzb_10d,存储芯片,67,52,79,54.43,38,29,5.01,-13.03,0.2,-10.56
obs_then_wait_caopan_15d,光模块,100,90,171,57.31,62,33,10.06,-17.14,0.19,-44.46
obs_then_wait_rs20_basket_5d,交换机/网络设备,66,61,98,55.1,37,28,2.56,-17.63,0.19,-6.01
obs_then_wait_ma20_cxhzb_rs20_segment_15d,服务器电源,60,48,70,55.71,33,26,4.13,-14.93,0.18,-4.85
obs_then_wait_ma20_15d,算力/IDC/算力租赁,80,80,197,51.27,47,35,3.81,-21.46,0.18,-4.38
obs_then_wait_ma20_rs20_segment_15d,连接器,40,38,68,61.76,25,19,3.77,-12.37,0.18,-0.83
obs_then_wait_ma20_cxhzb_15d,CPO,40,33,60,68.33,25,9,3.5,-14.54,0.18,-39.19
obs_then_wait_ma20_10d,大模型/AI应用/AIGC,80,77,203,42.86,44,54,3.33,-24.02,0.18,7.24
obs_then_wait_rs20_segment_10d,大模型/AI应用/AIGC,80,77,179,45.81,44,54,3.06,-22.18,0.18,11.64
obs_then_wait_rs20_segment_10d,HBM,40,38,75,57.33,25,15,3.0,-25.18,0.18,-9.78
obs_then_wait_ma20_rs20_segment_5d,算力/IDC/算力租赁,80,77,133,48.87,45,25,2.69,-16.68,0.18,-7.95
obs_then_wait_ma20_5d,大模型/AI应用/AIGC,80,77,183,43.72,44,52,2.46,-22.09,0.18,6.67
obs_then_wait_caopan_10d,光模块,100,87,162,56.79,59,33,6.72,-17.14,0.17,-44.46
obs_then_wait_rs20_segment_10d,AIPC/端侧AI,40,40,88,52.27,24,28,3.69,-21.27,0.17,15.56
obs_then_wait_ma20_10d,高速铜缆/铜连接,80,77,164,58.54,47,35,3.59,-19.92,0.17,-5.33
obs_then_wait_rs20_segment_10d,连接器,40,39,66,65.15,22,19,2.2,-9.95,0.17,-1.94
obs_then_wait_rs20_segment_5d,连接器,40,37,60,68.33,22,20,1.77,-9.95,0.17,-1.4
obs_then_wait_ma20_rs20_segment_15d,液冷/散热,77,71,148,53.38,43,24,3.94,-23.02,0.16,-20.69
obs_then_wait_rs20_segment_15d,连接器,40,39,71,63.38,21,18,2.64,-12.61,0.16,-2.23
obs_then_wait_ma20_rs20_segment_15d,算力/IDC/算力租赁,80,80,170,50.0,45,30,2.13,-20.82,0.16,-7.01
obs_then_wait_muma_5d,大模型/AI应用/AIGC,80,77,209,45.93,42,52,2.98,-23.68,0.15,9.07
obs_then_wait_ma20_rs20_segment_10d,算力/IDC/算力租赁,80,79,159,49.06,44,28,2.67,-20.38,0.15,-7.44
obs_then_wait_ma20_cxhzb_15d,液冷/散热,77,73,136,44.12,40,20,3.16,-19.69,0.14,-19.36
obs_then_wait_ma20_10d,云计算,40,39,108,49.07,22,31,3.09,-21.12,0.14,21.02
obs_then_wait_muma_10d,大模型/AI应用/AIGC,80,79,226,46.46,43,52,2.98,-23.96,0.14,9.38
obs_then_wait_muma_15d,大模型/AI应用/AIGC,80,79,226,46.46,43,52,2.98,-23.96,0.14,9.38
obs_then_wait_rs20_segment_15d,大模型/AI应用/AIGC,80,77,189,45.5,43,53,2.58,-22.18,0.14,11.24
obs_then_wait_rs20_basket_5d,AI服务器,80,65,107,56.07,40,37,0.99,-14.03,0.14,-3.9
obs_then_wait_cxhzb_15d,光模块,100,93,163,48.47,57,28,5.12,-20.63,0.13,-43.44
obs_then_wait_ma20_15d,AIPC/端侧AI,40,40,104,52.88,23,33,2.54,-23.28,0.13,14.73
obs_then_wait_caopan_15d,HBM,40,39,78,61.54,22,16,2.53,-19.41,0.13,-7.35
obs_then_wait_rs20_segment_15d,AIPC/端侧AI,40,40,97,50.52,23,28,2.37,-21.53,0.13,13.32
obs_then_wait_ma20_5d,AIPC/端侧AI,40,36,82,59.76,24,33,3.4,-21.12,0.12,15.88
obs_then_wait_ma20_10d,AIPC/端侧AI,40,39,101,54.46,23,33,2.62,-22.61,0.12,15.28
obs_then_wait_rs20_segment_15d,HBM,40,39,82,57.32,24,15,2.53,-25.18,0.12,-9.52
obs_then_wait_rs20_segment_5d,大模型/AI应用/AIGC,80,77,157,47.77,42,53,1.79,-21.73,0.11,11.12
obs_then_wait_caopan_10d,算力/IDC/算力租赁,80,78,154,53.9,45,35,1.76,-18.39,0.11,-4.49
obs_then_wait_caopan_15d,算力/IDC/算力租赁,80,80,170,50.59,44,34,1.74,-18.4,0.11,-4.49
obs_then_wait_caopan_15d,连接器,40,39,73,56.16,23,19,0.98,-11.43,0.11,-0.83
obs_then_wait_ma20_rs20_segment_15d,HBM,40,39,80,60.0,25,14,2.45,-23.55,0.1,-8.54
obs_then_wait_ma20_5d,云计算,40,39,85,48.24,20,29,1.44,-15.36,0.1,17.23
obs_then_wait_ma20_10d,半导体材料,20,18,33,63.64,10,7,0.85,-15.91,0.1,-7.42
obs_then_wait_ma20_15d,半导体材料,20,18,33,63.64,10,7,0.85,-15.91,0.1,-7.42
obs_then_wait_ma20_5d,覆铜板CCL,60,51,101,58.42,32,26,3.55,-13.11,0.09,-7.67
obs_then_wait_cxhzb_15d,服务器电源,60,51,97,49.48,33,25,3.05,-16.59,0.09,-12.79
obs_then_wait_ma20_10d,HBM,40,39,89,57.3,22,14,2.66,-24.55,0.09,-9.24
obs_then_wait_ma20_15d,HBM,40,39,89,57.3,22,14,2.66,-24.55,0.09,-9.24
obs_then_wait_ma20_10d,AI服务器,80,73,164,50.0,46,30,2.65,-17.7,0.09,-9.91
obs_then_wait_muma_10d,云计算,40,40,120,49.17,21,31,1.92,-22.3,0.09,17.63
obs_then_wait_muma_15d,云计算,40,40,120,49.17,21,31,1.92,-22.3,0.09,17.63
obs_direct,大模型/AI应用/AIGC,80,79,233,48.5,44,55,1.74,-23.71,0.09,11.43
obs_direct_wait0,大模型/AI应用/AIGC,80,79,233,48.5,44,55,1.74,-23.71,0.09,11.43
obs_then_wait_ma20_5d,高速铜缆/铜连接,80,73,143,53.85,43,35,1.6,-19.92,0.09,-6.67
obs_then_wait_caopan_5d,液冷/散热,77,60,79,55.7,41,27,1.58,-14.34,0.09,-21.62
obs_then_wait_cxhzb_15d,连接器,40,35,63,53.97,20,24,1.29,-12.5,0.09,3.15
obs_then_wait_rs20_basket_5d,算力/IDC/算力租赁,80,69,109,52.29,46,37,1.26,-15.16,0.09,-2.1
obs_then_wait_rs20_basket_5d,CPO,40,35,55,52.73,23,10,1.01,-17.86,0.09,-33.47
obs_then_wait_ma20_rs20_segment_10d,连接器,40,38,63,63.49,23,20,3.25,-9.92,0.08,-0.06
obs_then_wait_rs20_segment_5d,HBM,40,36,68,58.82,23,15,2.96,-22.17,0.07,-11.57
obs_then_wait_rs20_basket_10d,AIPC/端侧AI,40,40,85,36.47,21,32,1.94,-21.12,0.07,15.62
obs_then_wait_muma_10d,AIPC/端侧AI,40,40,110,56.36,21,29,1.83,-24.06,0.07,12.84
obs_then_wait_muma_15d,AIPC/端侧AI,40,40,110,56.36,21,29,1.83,-24.06,0.07,12.84
obs_then_wait_ma20_10d,连接器,40,39,76,53.95,22,19,1.81,-11.38,0.07,-0.96
obs_then_wait_ma20_5d,连接器,40,39,76,53.95,22,19,1.81,-11.38,0.07,-0.96
obs_then_wait_rs20_basket_10d,算力/IDC/算力租赁,80,74,130,49.23,44,38,1.26,-18.38,0.07,-3.44
obs_then_wait_ma20_cxhzb_15d,交换机/网络设备,66,61,110,52.73,35,30,1.25,-15.25,0.07,-4.18
obs_then_wait_ma20_rs20_segment_10d,覆铜板CCL,60,52,78,61.54,35,25,1.2,-11.39,0.07,-11.32
obs_then_wait_rs20_segment_15d,AI服务器,80,77,160,48.12,44,30,0.84,-18.58,0.07,-13.36
obs_then_wait_caopan_10d,半导体材料,20,18,30,63.33,11,10,0.49,-9.61,0.07,0.09
obs_then_wait_caopan_15d,半导体材料,20,18,30,63.33,11,10,0.49,-9.61,0.07,0.09
obs_then_wait_caopan_5d,半导体材料,20,12,13,100.0,12,11,0.49,-5.86,0.07,2.37
obs_then_wait_muma_10d,交换机/网络设备,66,66,161,56.52,35,29,0.49,-21.11,0.07,-4.38
obs_then_wait_muma_15d,交换机/网络设备,66,66,161,56.52,35,29,0.49,-21.11,0.07,-4.38
obs_then_wait_ma20_rs20_segment_10d,半导体设备,20,18,27,55.56,11,4,1.56,-14.31,0.06,-21.09
obs_then_wait_rs20_basket_15d,算力/IDC/算力租赁,80,78,150,45.33,44,37,1.27,-20.41,0.06,-3.02
obs_then_wait_ma20_rs20_segment_15d,AI服务器,80,72,142,47.18,42,28,0.66,-16.16,0.06,-12.06
obs_then_wait_ma20_15d,大模型/AI应用/AIGC,80,79,216,44.44,42,51,0.52,-25.81,0.06,6.48
obs_direct,连接器,40,40,82,54.88,21,21,0.44,-14.32,0.06,0.78
obs_direct_wait0,连接器,40,40,82,54.88,21,21,0.44,-14.32,0.06,0.78
obs_then_wait_caopan_15d,云计算,40,39,85,45.88,20,31,0.34,-18.69,0.06,18.57
obs_then_wait_rs20_basket_15d,覆铜板CCL,60,52,97,59.79,33,24,3.28,-13.48,0.05,-5.98
obs_then_wait_rs20_basket_5d,大模型/AI应用/AIGC,80,76,124,50.81,43,56,1.48,-19.73,0.05,10.54
obs_then_wait_rs20_basket_10d,高速铜缆/铜连接,80,70,110,63.64,44,37,1.16,-16.44,0.05,-3.1
obs_then_wait_ma20_rs20_segment_10d,液冷/散热,77,66,122,54.1,42,27,3.38,-19.48,0.04,-16.18
obs_then_wait_ma20_rs20_segment_5d,HBM,40,34,54,59.26,23,14,2.17,-20.13,0.04,-13.9
obs_then_wait_cxhzb_15d,PCB,66,61,110,50.0,35,18,1.75,-15.49,0.04,-51.14
obs_then_wait_ma20_cxhzb_15d,PCB,66,60,102,50.98,37,18,1.75,-15.45,0.04,-51.14
obs_then_wait_ma20_rs20_segment_15d,覆铜板CCL,60,53,91,62.64,33,25,1.15,-13.63,0.04,-12.4
obs_then_wait_rs20_basket_10d,PCB,66,59,89,50.56,35,20,0.98,-14.36,0.04,-43.53
obs_then_wait_rs20_segment_10d,AI服务器,80,76,152,48.03,43,29,0.81,-17.87,0.04,-12.73
obs_then_wait_muma_5d,光模块,100,92,203,51.72,55,26,8.79,-21.18,0.03,-45.58
obs_then_wait_ma20_rs20_segment_10d,服务器电源,60,55,97,54.64,31,26,1.4,-16.68,0.03,-14.82
obs_then_wait_rs20_basket_15d,高速铜缆/铜连接,80,72,128,54.69,41,33,1.16,-17.06,0.03,-5.56
obs_then_wait_cxhzb_15d,高速铜缆/铜连接,80,73,126,50.79,42,34,0.69,-14.77,0.03,-5.02
obs_then_wait_muma_5d,云计算,40,40,116,48.28,21,28,0.53,-21.23,0.03,13.49
obs_then_wait_cxhzb_15d,AI服务器,80,69,137,55.47,42,33,2.39,-16.36,0.02,-10.58
obs_then_wait_muma_5d,连接器,40,39,78,51.28,21,18,1.36,-13.99,0.02,-0.37
obs_then_wait_cxhzb_10d,半导体设备,20,11,14,100.0,10,6,0.14,-6.58,0.02,-17.46
obs_then_wait_rs20_basket_10d,覆铜板CCL,60,50,80,61.25,32,23,1.33,-12.08,0.01,-5.98
obs_then_wait_caopan_15d,高速铜缆/铜连接,80,73,147,57.14,41,38,0.45,-16.68,0.01,-4.0
obs_then_wait_ma20_rs20_segment_10d,大模型/AI应用/AIGC,80,75,160,40.62,40,54,0.29,-20.31,0.01,10.7
obs_then_wait_rs20_segment_5d,高速铜缆/铜连接,80,69,113,61.06,40,36,0.29,-18.64,0.01,-3.48
obs_then_wait_caopan_10d,覆铜板CCL,60,48,83,61.45,34,25,0.24,-11.84,0.01,-11.38
obs_then_wait_ma20_cxhzb_15d,算力/IDC/算力租赁,80,78,148,45.27,40,29,0.07,-19.77,0.01,-9.52
obs_then_wait_ma20_rs20_segment_10d,半导体材料,20,18,33,57.58,10,7,0.05,-10.73,0.01,-10.39
obs_then_wait_ma20_rs20_segment_15d,半导体材料,20,18,34,58.82,10,7,0.05,-12.02,0.01,-10.39
obs_then_wait_ma20_rs20_segment_5d,PCB,66,44,54,61.11,35,20,4.79,-9.63,0.0,-40.75
obs_then_wait_rs20_segment_15d,PCB,66,61,109,47.71,34,23,4.25,-16.94,0.0,-45.45
obs_then_wait_rs20_segment_5d,光模块,100,81,132,55.3,52,31,2.75,-17.37,0.0,-66.59
obs_then_wait_cxhzb_10d,液冷/散热,77,57,77,55.84,41,24,2.28,-14.59,0.0,-13.67
obs_then_wait_ma20_rs20_segment_5d,交换机/网络设备,66,52,80,51.25,34,27,2.04,-12.04,0.0,-6.3
obs_then_wait_ma20_cxhzb_rs20_segment_15d,PCB,66,55,79,50.63,34,15,1.75,-11.82,0.0,-48.86
obs_then_wait_cxhzb_10d,CPO,40,28,50,66.0,20,11,1.71,-13.92,0.0,-36.5
obs_then_wait_rs20_basket_15d,液冷/散热,77,73,159,47.8,39,23,1.57,-22.85,0.0,-23.89
obs_then_wait_ma20_rs20_segment_10d,HBM,40,38,70,54.29,21,14,1.36,-23.55,0.0,-13.11
obs_then_wait_ma20_cxhzb_15d,光模块,100,91,153,47.06,50,28,0.94,-15.99,0.0,-51.2
obs_then_wait_ma20_cxhzb_10d,HBM,40,29,36,61.11,21,16,0.93,-14.29,0.0,-16.58
obs_then_wait_ma20_rs20_segment_5d,半导体设备,20,17,23,60.87,10,3,0.77,-12.47,0.0,-23.45
obs_then_wait_caopan_5d,交换机/网络设备,66,46,65,63.08,33,29,0.57,-12.93,0.0,-6.09
obs_then_wait_ma20_rs20_segment_5d,光模块,100,68,95,56.84,51,30,0.56,-12.49,0.0,-68.61
obs_then_wait_rs20_segment_5d,PCB,66,51,71,50.7,33,20,0.54,-12.11,0.0,-47.2
obs_then_wait_rs20_segment_5d,服务器电源,60,55,99,50.5,30,24,0.44,-17.56,0.0,-12.62
obs_then_wait_rs20_segment_10d,云计算,40,37,84,46.43,21,30,0.32,-15.76,0.0,18.59
obs_then_wait_cxhzb_15d,交换机/网络设备,66,61,118,49.15,33,30,0.17,-14.94,0.0,-4.96
obs_then_wait_ma20_rs20_segment_5d,CPO,40,27,47,61.7,20,10,0.05,-15.59,0.0,-37.69
obs_then_wait_ma20_cxhzb_15d,高速铜缆/铜连接,80,66,112,50.0,40,36,0.01,-14.97,0.0,-2.51
obs_then_wait_caopan_10d,算力芯片/GPU/CPU设计,40,34,61,50.82,19,28,0.0,-15.36,0.0,8.26
obs_then_wait_caopan_10d,高速铜缆/铜连接,80,72,130,53.08,36,36,0.0,-16.44,0.0,-7.03
obs_then_wait_caopan_5d,AI服务器,80,56,82,52.44,30,27,0.0,-10.51,0.0,-17.87
obs_then_wait_caopan_5d,HBM,40,27,37,67.57,17,15,0.0,-13.85,0.0,-13.54
obs_then_wait_caopan_5d,PCB,66,45,57,52.63,29,21,0.0,-9.68,0.0,-48.26
obs_then_wait_caopan_5d,云计算,40,20,25,36.0,5,30,0.0,-7.04,0.0,19.13
obs_then_wait_caopan_5d,光模块,100,73,101,60.4,47,30,0.0,-14.31,0.0,-61.53
obs_then_wait_caopan_5d,大模型/AI应用/AIGC,80,71,114,44.74,36,50,0.0,-18.17,0.0,9.59
obs_then_wait_caopan_5d,服务器电源,60,42,59,59.32,26,27,0.0,-12.78,0.0,-6.05
obs_then_wait_caopan_5d,算力/IDC/算力租赁,80,64,117,49.57,37,32,0.0,-16.91,0.0,-5.66
obs_then_wait_caopan_5d,算力芯片/GPU/CPU设计,40,30,45,46.67,17,29,0.0,-13.62,0.0,8.72
obs_then_wait_caopan_5d,覆铜板CCL,60,43,56,60.71,28,25,0.0,-11.79,0.0,-10.04
obs_then_wait_caopan_5d,高速铜缆/铜连接,80,55,82,47.56,28,36,0.0,-11.31,0.0,-5.68
obs_then_wait_cxhzb_10d,AIPC/端侧AI,40,30,44,59.09,18,29,0.0,-8.48,0.0,17.93
obs_then_wait_cxhzb_10d,AI服务器,80,55,84,57.14,33,29,0.0,-12.75,0.0,-16.88
obs_then_wait_cxhzb_10d,HBM,40,30,42,52.38,19,11,0.0,-15.22,0.0,-19.05
obs_then_wait_cxhzb_10d,PCB,66,49,63,42.86,22,17,0.0,-12.56,0.0,-53.63
obs_then_wait_cxhzb_10d,交换机/网络设备,66,44,65,55.38,26,30,0.0,-13.81,0.0,-3.51
obs_then_wait_cxhzb_10d,光模块,100,67,89,42.7,32,27,0.0,-14.67,0.0,-66.64
obs_then_wait_cxhzb_10d,大模型/AI应用/AIGC,80,58,97,38.14,31,50,0.0,-15.06,0.0,6.14
obs_then_wait_cxhzb_10d,服务器电源,60,37,62,43.55,19,24,0.0,-16.51,0.0,-17.36
obs_then_wait_cxhzb_10d,算力/IDC/算力租赁,80,69,115,42.61,33,27,0.0,-17.76,0.0,-13.5
obs_then_wait_cxhzb_10d,算力芯片/GPU/CPU设计,40,31,43,30.23,13,26,0.0,-11.12,0.0,8.88
obs_then_wait_cxhzb_10d,覆铜板CCL,60,39,47,63.83,28,24,0.0,-8.72,0.0,-13.95
obs_then_wait_cxhzb_10d,连接器,40,28,39,53.85,15,21,0.0,-7.11,0.0,1.14
obs_then_wait_cxhzb_10d,高速铜缆/铜连接,80,58,77,32.47,24,30,0.0,-11.29,0.0,-10.61
obs_then_wait_cxhzb_15d,覆铜板CCL,60,48,81,48.15,25,25,0.0,-11.69,0.0,-15.34
obs_then_wait_cxhzb_5d,AIPC/端侧AI,40,25,32,71.88,17,29,0.0,-7.07,0.0,17.93
obs_then_wait_cxhzb_5d,AI服务器,80,34,39,51.28,21,25,0.0,0.0,0.0,-18.77
obs_then_wait_cxhzb_5d,CPO,40,18,27,51.85,11,8,0.0,-5.1,0.0,-54.03
obs_then_wait_cxhzb_5d,HBM,40,16,18,66.67,12,11,0.0,0.0,0.0,-12.15
obs_then_wait_cxhzb_5d,PCB,66,9,13,15.38,1,14,0.0,0.0,0.0,-53.68
obs_then_wait_cxhzb_5d,云计算,40,17,24,29.17,5,31,0.0,0.0,0.0,18.05
obs_then_wait_cxhzb_5d,交换机/网络设备,66,24,28,57.14,14,26,0.0,0.0,0.0,-5.96
obs_then_wait_cxhzb_5d,先进封装/封测,80,45,58,68.97,39,47,0.0,-6.0,0.0,5.56
obs_then_wait_cxhzb_5d,光模块,100,29,29,34.48,12,27,0.0,0.0,0.0,-74.73
obs_then_wait_cxhzb_5d,半导体材料,20,4,6,100.0,5,9,0.0,0.0,0.0,-0.57
obs_then_wait_cxhzb_5d,半导体设备,20,6,6,100.0,7,6,0.0,0.0,0.0,-24.22
obs_then_wait_cxhzb_5d,大模型/AI应用/AIGC,80,43,56,53.57,28,53,0.0,-7.92,0.0,9.96
obs_then_wait_cxhzb_5d,存储芯片,67,27,28,85.71,26,28,0.0,0.0,0.0,-11.74
obs_then_wait_cxhzb_5d,服务器电源,60,20,28,42.86,7,24,0.0,0.0,0.0,-11.86
obs_then_wait_cxhzb_5d,液冷/散热,77,31,34,64.71,24,22,0.0,0.0,0.0,-25.94
obs_then_wait_cxhzb_5d,算力/IDC/算力租赁,80,42,52,67.31,27,32,0.0,-6.99,0.0,-7.75
obs_then_wait_cxhzb_5d,算力芯片/GPU/CPU设计,40,18,21,52.38,11,28,0.0,-0.07,0.0,8.88
obs_then_wait_cxhzb_5d,覆铜板CCL,60,10,12,100.0,10,24,0.0,0.0,0.0,-15.34
obs_then_wait_cxhzb_5d,连接器,40,14,16,37.5,6,18,0.0,0.0,0.0,-1.23
obs_then_wait_cxhzb_5d,高速铜缆/铜连接,80,27,30,33.33,12,32,0.0,0.0,0.0,-5.67
obs_then_wait_healthy_midtrend_cxhzb_10d,AIPC/端侧AI,40,4,6,100.0,3,25,0.0,0.0,0.0,11.29
obs_then_wait_healthy_midtrend_cxhzb_10d,AI服务器,80,9,9,33.33,3,26,0.0,0.0,0.0,-19.83
obs_then_wait_healthy_midtrend_cxhzb_10d,CPO,40,11,11,100.0,11,8,0.0,0.0,0.0,-51.95
obs_then_wait_healthy_midtrend_cxhzb_10d,HBM,40,9,9,100.0,11,17,0.0,0.0,0.0,-8.56
obs_then_wait_healthy_midtrend_cxhzb_10d,PCB,66,14,15,40.0,5,15,0.0,0.0,0.0,-52.67
obs_then_wait_healthy_midtrend_cxhzb_10d,云计算,40,0,0,0.0,0,30,0.0,0.0,0.0,20.73
obs_then_wait_healthy_midtrend_cxhzb_10d,交换机/网络设备,66,5,5,60.0,3,25,0.0,0.0,0.0,-16.41
obs_then_wait_healthy_midtrend_cxhzb_10d,先进封装/封测,80,10,12,75.0,9,39,0.0,0.0,0.0,-0.3
obs_then_wait_healthy_midtrend_cxhzb_10d,光模块,100,11,11,18.18,2,29,0.0,0.0,0.0,-74.73
obs_then_wait_healthy_midtrend_cxhzb_10d,半导体材料,20,3,3,100.0,3,7,0.0,0.0,0.0,-13.55
obs_then_wait_healthy_midtrend_cxhzb_10d,半导体设备,20,3,3,100.0,3,6,0.0,0.0,0.0,-27.87
obs_then_wait_healthy_midtrend_cxhzb_10d,大模型/AI应用/AIGC,80,20,25,32.0,6,44,0.0,0.0,0.0,6.64
obs_then_wait_healthy_midtrend_cxhzb_10d,存储芯片,67,15,15,53.33,6,24,0.0,0.0,0.0,-21.22
obs_then_wait_healthy_midtrend_cxhzb_10d,服务器电源,60,9,9,33.33,5,20,0.0,0.0,0.0,-17.2
obs_then_wait_healthy_midtrend_cxhzb_10d,液冷/散热,77,3,3,100.0,3,21,0.0,0.0,0.0,-31.85
obs_then_wait_healthy_midtrend_cxhzb_10d,算力/IDC/算力租赁,80,9,9,33.33,3,31,0.0,0.0,0.0,-10.29
obs_then_wait_healthy_midtrend_cxhzb_10d,算力芯片/GPU/CPU设计,40,13,13,23.08,4,22,0.0,0.0,0.0,3.29
obs_then_wait_healthy_midtrend_cxhzb_10d,覆铜板CCL,60,3,3,100.0,3,23,0.0,0.0,0.0,-14.95
obs_then_wait_healthy_midtrend_cxhzb_10d,连接器,40,3,3,100.0,3,21,0.0,0.0,0.0,1.62
obs_then_wait_healthy_midtrend_cxhzb_10d,高速铜缆/铜连接,80,7,9,66.67,6,32,0.0,0.0,0.0,-9.8
obs_then_wait_healthy_midtrend_cxhzb_15d,AIPC/端侧AI,40,19,28,32.14,5,22,0.0,0.0,0.0,2.02
obs_then_wait_healthy_midtrend_cxhzb_15d,AI服务器,80,31,31,38.71,12,24,0.0,0.0,0.0,-23.28
obs_then_wait_healthy_midtrend_cxhzb_15d,CPO,40,22,34,52.94,14,7,0.0,-10.66,0.0,-41.2
obs_then_wait_healthy_midtrend_cxhzb_15d,HBM,40,19,21,80.95,17,16,0.0,-3.0,0.0,-7.28
obs_then_wait_healthy_midtrend_cxhzb_15d,PCB,66,21,27,44.44,10,17,0.0,0.0,0.0,-53.68
obs_then_wait_healthy_midtrend_cxhzb_15d,云计算,40,12,14,21.43,3,28,0.0,0.0,0.0,21.73
obs_then_wait_healthy_midtrend_cxhzb_15d,交换机/网络设备,66,20,23,52.17,9,26,0.0,0.0,0.0,-11.88
obs_then_wait_healthy_midtrend_cxhzb_15d,先进封装/封测,80,31,37,70.27,24,42,0.0,0.0,0.0,0.71
obs_then_wait_healthy_midtrend_cxhzb_15d,光模块,100,31,36,27.78,12,29,0.0,0.0,0.0,-74.73
obs_then_wait_healthy_midtrend_cxhzb_15d,半导体材料,20,6,6,50.0,3,7,0.0,0.0,0.0,-13.55
obs_then_wait_healthy_midtrend_cxhzb_15d,半导体设备,20,3,3,100.0,3,6,0.0,0.0,0.0,-27.87
obs_then_wait_healthy_midtrend_cxhzb_15d,大模型/AI应用/AIGC,80,39,46,23.91,10,42,0.0,-4.1,0.0,6.12
obs_then_wait_healthy_midtrend_cxhzb_15d,存储芯片,67,37,47,51.06,19,23,0.0,-11.25,0.0,-21.22
obs_then_wait_healthy_midtrend_cxhzb_15d,服务器电源,60,22,29,31.03,8,21,0.0,0.0,0.0,-24.57
obs_then_wait_healthy_midtrend_cxhzb_15d,液冷/散热,77,33,39,48.72,18,22,0.0,0.0,0.0,-28.18
obs_then_wait_healthy_midtrend_cxhzb_15d,算力/IDC/算力租赁,80,41,50,50.0,21,36,0.0,-7.75,0.0,-9.35
obs_then_wait_healthy_midtrend_cxhzb_15d,算力芯片/GPU/CPU设计,40,16,18,27.78,6,22,0.0,0.0,0.0,3.29
obs_then_wait_healthy_midtrend_cxhzb_15d,覆铜板CCL,60,26,29,72.41,20,21,0.0,0.0,0.0,-14.07
obs_then_wait_healthy_midtrend_cxhzb_15d,连接器,40,8,8,62.5,5,20,0.0,0.0,0.0,-0.14
obs_then_wait_healthy_midtrend_cxhzb_15d,高速铜缆/铜连接,80,22,25,36.0,9,29,0.0,0.0,0.0,-12.71
obs_then_wait_healthy_midtrend_cxhzb_5d,AIPC/端侧AI,40,0,0,0.0,0,25,0.0,0.0,0.0,6.95
obs_then_wait_healthy_midtrend_cxhzb_5d,AI服务器,80,3,3,0.0,0,26,0.0,0.0,0.0,-19.83
obs_then_wait_healthy_midtrend_cxhzb_5d,CPO,40,0,0,0.0,0,7,0.0,0.0,0.0,-54.67
obs_then_wait_healthy_midtrend_cxhzb_5d,HBM,40,3,3,100.0,4,15,0.0,0.0,0.0,-11.04
obs_then_wait_healthy_midtrend_cxhzb_5d,PCB,66,0,0,0.0,0,16,0.0,0.0,0.0,-53.68
obs_then_wait_healthy_midtrend_cxhzb_5d,云计算,40,0,0,0.0,0,30,0.0,0.0,0.0,20.73
obs_then_wait_healthy_midtrend_cxhzb_5d,交换机/网络设备,66,5,5,60.0,3,25,0.0,0.0,0.0,-16.41
obs_then_wait_healthy_midtrend_cxhzb_5d,先进封装/封测,80,3,3,0.0,0,38,0.0,0.0,0.0,-0.77
obs_then_wait_healthy_midtrend_cxhzb_5d,光模块,100,0,0,0.0,0,29,0.0,0.0,0.0,-74.73
obs_then_wait_healthy_midtrend_cxhzb_5d,半导体材料,20,0,0,0.0,0,7,0.0,0.0,0.0,-14.98
obs_then_wait_healthy_midtrend_cxhzb_5d,半导体设备,20,0,0,0.0,0,6,0.0,0.0,0.0,-34.3
obs_then_wait_healthy_midtrend_cxhzb_5d,大模型/AI应用/AIGC,80,7,7,42.86,3,46,0.0,0.0,0.0,6.77
obs_then_wait_healthy_midtrend_cxhzb_5d,存储芯片,67,3,3,100.0,3,24,0.0,0.0,0.0,-28.01
obs_then_wait_healthy_midtrend_cxhzb_5d,服务器电源,60,0,0,0.0,0,25,0.0,0.0,0.0,-15.73
obs_then_wait_healthy_midtrend_cxhzb_5d,液冷/散热,77,0,0,0.0,0,21,0.0,0.0,0.0,-31.96
obs_then_wait_healthy_midtrend_cxhzb_5d,算力/IDC/算力租赁,80,0,0,0.0,0,32,0.0,0.0,0.0,-7.64
obs_then_wait_healthy_midtrend_cxhzb_5d,算力芯片/GPU/CPU设计,40,0,0,0.0,0,23,0.0,0.0,0.0,5.12
obs_then_wait_healthy_midtrend_cxhzb_5d,覆铜板CCL,60,0,0,0.0,0,23,0.0,0.0,0.0,-15.34
obs_then_wait_healthy_midtrend_cxhzb_5d,连接器,40,0,0,0.0,0,20,0.0,0.0,0.0,-0.14
obs_then_wait_healthy_midtrend_cxhzb_5d,高速铜缆/铜连接,80,0,0,0.0,0,32,0.0,0.0,0.0,-9.8
obs_then_wait_ma20_cxhzb_10d,AIPC/端侧AI,40,28,41,56.1,16,28,0.0,-8.38,0.0,17.93
obs_then_wait_ma20_cxhzb_10d,AI服务器,80,53,73,57.53,31,29,0.0,-8.9,0.0,-18.33
obs_then_wait_ma20_cxhzb_10d,CPO,40,25,43,55.81,15,8,0.0,-13.79,0.0,-39.99
obs_then_wait_ma20_cxhzb_10d,PCB,66,49,59,45.76,23,20,0.0,-12.33,0.0,-53.63
obs_then_wait_ma20_cxhzb_10d,交换机/网络设备,66,39,52,65.38,29,30,0.0,-9.6,0.0,-3.51
obs_then_wait_ma20_cxhzb_10d,光模块,100,63,80,47.5,34,28,0.0,-12.91,0.0,-66.64
obs_then_wait_ma20_cxhzb_10d,半导体设备,20,6,6,100.0,6,6,0.0,0.0,0.0,-29.29
obs_then_wait_ma20_cxhzb_10d,大模型/AI应用/AIGC,80,57,83,44.58,33,52,0.0,-15.06,0.0,7.73
obs_then_wait_ma20_cxhzb_10d,存储芯片,67,47,73,49.32,31,28,0.0,-13.03,0.0,-12.81
obs_then_wait_ma20_cxhzb_10d,服务器电源,60,36,59,45.76,21,24,0.0,-13.43,0.0,-17.36
obs_then_wait_ma20_cxhzb_10d,液冷/散热,77,53,71,56.34,37,24,0.0,-13.61,0.0,-13.91
obs_then_wait_ma20_cxhzb_10d,算力/IDC/算力租赁,80,65,106,44.34,35,28,0.0,-16.54,0.0,-12.52
obs_then_wait_ma20_cxhzb_10d,算力芯片/GPU/CPU设计,40,27,39,33.33,13,26,0.0,-11.12,0.0,8.88
obs_then_wait_ma20_cxhzb_10d,覆铜板CCL,60,38,44,68.18,28,25,0.0,-8.75,0.0,-13.95
obs_then_wait_ma20_cxhzb_10d,连接器,40,28,39,53.85,15,21,0.0,-7.11,0.0,1.14
obs_then_wait_ma20_cxhzb_10d,高速铜缆/铜连接,80,45,58,31.03,16,32,0.0,-8.45,0.0,-7.31
obs_then_wait_ma20_cxhzb_15d,AI服务器,80,69,129,51.16,39,29,0.0,-16.14,0.0,-14.52
obs_then_wait_ma20_cxhzb_15d,半导体设备,20,17,23,56.52,8,5,0.0,-9.87,0.0,-21.87
obs_then_wait_ma20_cxhzb_15d,覆铜板CCL,60,48,84,46.43,25,25,0.0,-12.5,0.0,-15.34
obs_then_wait_ma20_cxhzb_5d,AIPC/端侧AI,40,20,26,65.38,12,28,0.0,-4.82,0.0,17.12
obs_then_wait_ma20_cxhzb_5d,AI服务器,80,27,29,58.62,18,26,0.0,0.0,0.0,-22.08
obs_then_wait_ma20_cxhzb_5d,CPO,40,14,21,38.09,6,8,0.0,0.0,0.0,-59.57
obs_then_wait_ma20_cxhzb_5d,HBM,40,15,15,80.0,13,15,0.0,0.0,0.0,-12.15
obs_then_wait_ma20_cxhzb_5d,PCB,66,9,9,22.22,2,17,0.0,0.0,0.0,-53.68
obs_then_wait_ma20_cxhzb_5d,云计算,40,13,16,18.75,3,31,0.0,0.0,0.0,13.48
obs_then_wait_ma20_cxhzb_5d,交换机/网络设备,66,19,19,68.42,14,25,0.0,0.0,0.0,-6.53
obs_then_wait_ma20_cxhzb_5d,先进封装/封测,80,35,43,72.09,31,45,0.0,-0.21,0.0,5.22
obs_then_wait_ma20_cxhzb_5d,光模块,100,26,26,26.92,9,27,0.0,0.0,0.0,-74.73
obs_then_wait_ma20_cxhzb_5d,半导体材料,20,4,6,100.0,5,9,0.0,0.0,0.0,-0.57
obs_then_wait_ma20_cxhzb_5d,半导体设备,20,0,0,0.0,0,6,0.0,0.0,0.0,-34.3
obs_then_wait_ma20_cxhzb_5d,大模型/AI应用/AIGC,80,37,44,68.18,30,54,0.0,-2.92,0.0,12.86
obs_then_wait_ma20_cxhzb_5d,存储芯片,67,19,19,78.95,17,26,0.0,0.0,0.0,-21.22
obs_then_wait_ma20_cxhzb_5d,服务器电源,60,17,25,48.0,7,24,0.0,0.0,0.0,-11.86
obs_then_wait_ma20_cxhzb_5d,液冷/散热,77,29,31,70.97,23,23,0.0,0.0,0.0,-25.94
obs_then_wait_ma20_cxhzb_5d,算力/IDC/算力租赁,80,40,45,64.44,23,32,0.0,-6.78,0.0,-7.75
obs_then_wait_ma20_cxhzb_5d,算力芯片/GPU/CPU设计,40,18,21,52.38,11,28,0.0,-0.07,0.0,8.88
obs_then_wait_ma20_cxhzb_5d,覆铜板CCL,60,9,9,100.0,9,24,0.0,0.0,0.0,-15.34
obs_then_wait_ma20_cxhzb_5d,连接器,40,13,13,7.69,1,16,0.0,0.0,0.0,-2.71
obs_then_wait_ma20_cxhzb_5d,高速铜缆/铜连接,80,18,21,28.57,7,31,0.0,0.0,0.0,-8.23
obs_then_wait_ma20_cxhzb_rs20_segment_10d,AIPC/端侧AI,40,23,32,59.37,17,27,0.0,-5.71,0.0,22.51
obs_then_wait_ma20_cxhzb_rs20_segment_10d,AI服务器,80,46,52,57.69,28,30,0.0,-8.0,0.0,-16.81
obs_then_wait_ma20_cxhzb_rs20_segment_10d,CPO,40,21,33,48.49,10,8,0.0,-8.0,0.0,-49.43
obs_then_wait_ma20_cxhzb_rs20_segment_10d,HBM,40,20,27,59.26,15,16,0.0,-9.41,0.0,-12.93
obs_then_wait_ma20_cxhzb_rs20_segment_10d,PCB,66,30,32,62.5,21,18,0.0,-1.95,0.0,-52.67
obs_then_wait_ma20_cxhzb_rs20_segment_10d,云计算,40,17,19,31.58,6,30,0.0,0.0,0.0,20.49
obs_then_wait_ma20_cxhzb_rs20_segment_10d,交换机/网络设备,66,32,40,57.5,19,25,0.0,-5.82,0.0,-5.96
obs_then_wait_ma20_cxhzb_rs20_segment_10d,先进封装/封测,80,40,58,72.41,34,46,0.0,-5.19,0.0,5.83
obs_then_wait_ma20_cxhzb_rs20_segment_10d,光模块,100,55,61,45.9,29,26,0.0,-10.54,0.0,-63.75
obs_then_wait_ma20_cxhzb_rs20_segment_10d,半导体材料,20,6,6,100.0,7,10,0.0,0.0,0.0,0.11
obs_then_wait_ma20_cxhzb_rs20_segment_10d,半导体设备,20,3,3,100.0,3,6,0.0,0.0,0.0,-30.78
obs_then_wait_ma20_cxhzb_rs20_segment_10d,大模型/AI应用/AIGC,80,53,66,45.45,30,55,0.0,-10.89,0.0,10.22
obs_then_wait_ma20_cxhzb_rs20_segment_10d,存储芯片,67,31,45,44.44,17,26,0.0,0.0,0.0,-10.56
obs_then_wait_ma20_cxhzb_rs20_segment_10d,服务器电源,60,34,46,41.3,19,23,0.0,-11.48,0.0,-17.66
obs_then_wait_ma20_cxhzb_rs20_segment_10d,液冷/散热,77,37,42,50.0,25,25,0.0,-7.02,0.0,-21.28
obs_then_wait_ma20_cxhzb_rs20_segment_10d,算力/IDC/算力租赁,80,59,85,54.12,35,32,0.0,-13.54,0.0,-5.44
obs_then_wait_ma20_cxhzb_rs20_segment_10d,算力芯片/GPU/CPU设计,40,21,23,21.74,7,24,0.0,-7.86,0.0,5.84
obs_then_wait_ma20_cxhzb_rs20_segment_10d,覆铜板CCL,60,24,27,48.15,14,22,0.0,0.0,0.0,-15.02
obs_then_wait_ma20_cxhzb_rs20_segment_10d,连接器,40,23,30,46.67,10,20,0.0,-6.69,0.0,-0.43
obs_then_wait_ma20_cxhzb_rs20_segment_10d,高速铜缆/铜连接,80,25,27,25.93,7,34,0.0,0.0,0.0,-8.62
obs_then_wait_ma20_cxhzb_rs20_segment_15d,AIPC/端侧AI,40,30,52,36.54,14,25,0.0,-11.44,0.0,15.74
obs_then_wait_ma20_cxhzb_rs20_segment_15d,AI服务器,80,63,100,49.0,32,29,0.0,-13.18,0.0,-15.64
obs_then_wait_ma20_cxhzb_rs20_segment_15d,CPO,40,24,43,60.47,17,9,0.0,-8.59,0.0,-40.35
obs_then_wait_ma20_cxhzb_rs20_segment_15d,HBM,40,28,43,60.46,16,16,0.0,-10.14,0.0,-8.93
obs_then_wait_ma20_cxhzb_rs20_segment_15d,云计算,40,28,44,36.36,12,31,0.0,-9.97,0.0,20.76
obs_then_wait_ma20_cxhzb_rs20_segment_15d,先进封装/封测,80,58,94,58.51,38,42,0.0,-11.68,0.0,3.91
obs_then_wait_ma20_cxhzb_rs20_segment_15d,光模块,100,74,103,45.63,40,26,0.0,-12.59,0.0,-57.94
obs_then_wait_ma20_cxhzb_rs20_segment_15d,半导体材料,20,9,10,100.0,9,11,0.0,0.0,0.0,1.05
obs_then_wait_ma20_cxhzb_rs20_segment_15d,半导体设备,20,3,3,100.0,3,6,0.0,0.0,0.0,-30.78
obs_then_wait_ma20_cxhzb_rs20_segment_15d,存储芯片,67,46,71,42.25,23,23,0.0,-13.03,0.0,-14.08
obs_then_wait_ma20_cxhzb_rs20_segment_15d,液冷/散热,77,63,112,44.64,31,19,0.0,-17.49,0.0,-23.2
obs_then_wait_ma20_cxhzb_rs20_segment_15d,算力/IDC/算力租赁,80,71,116,50.86,38,33,0.0,-18.18,0.0,-4.77
obs_then_wait_ma20_cxhzb_rs20_segment_15d,覆铜板CCL,60,43,64,45.31,25,24,0.0,-8.79,0.0,-16.41
obs_then_wait_ma20_cxhzb_rs20_segment_15d,高速铜缆/铜连接,80,60,85,37.65,26,36,0.0,-13.25,0.0,-6.95
obs_then_wait_ma20_cxhzb_rs20_segment_5d,AIPC/端侧AI,40,14,17,58.82,10,27,0.0,0.0,0.0,12.34
obs_then_wait_ma20_cxhzb_rs20_segment_5d,AI服务器,80,16,16,43.75,9,27,0.0,0.0,0.0,-22.08
obs_then_wait_ma20_cxhzb_rs20_segment_5d,CPO,40,11,15,33.33,3,7,0.0,0.0,0.0,-63.64
obs_then_wait_ma20_cxhzb_rs20_segment_5d,HBM,40,9,9,100.0,10,16,0.0,0.0,0.0,-11.04
obs_then_wait_ma20_cxhzb_rs20_segment_5d,PCB,66,2,2,0.0,0,16,0.0,0.0,0.0,-53.68
obs_then_wait_ma20_cxhzb_rs20_segment_5d,云计算,40,6,6,50.0,3,31,0.0,0.0,0.0,21.66
obs_then_wait_ma20_cxhzb_rs20_segment_5d,交换机/网络设备,66,9,9,66.67,7,24,0.0,0.0,0.0,-9.54
obs_then_wait_ma20_cxhzb_rs20_segment_5d,先进封装/封测,80,19,24,87.5,21,44,0.0,0.0,0.0,5.41
obs_then_wait_ma20_cxhzb_rs20_segment_5d,光模块,100,14,14,28.57,5,27,0.0,0.0,0.0,-74.73
obs_then_wait_ma20_cxhzb_rs20_segment_5d,半导体材料,20,3,3,100.0,4,9,0.0,0.0,0.0,-0.21
obs_then_wait_ma20_cxhzb_rs20_segment_5d,半导体设备,20,0,0,0.0,0,6,0.0,0.0,0.0,-34.3
obs_then_wait_ma20_cxhzb_rs20_segment_5d,大模型/AI应用/AIGC,80,30,33,57.58,23,55,0.0,0.0,0.0,15.21
obs_then_wait_ma20_cxhzb_rs20_segment_5d,存储芯片,67,13,13,69.23,10,27,0.0,0.0,0.0,-20.16
obs_then_wait_ma20_cxhzb_rs20_segment_5d,服务器电源,60,14,15,40.0,5,22,0.0,0.0,0.0,-13.52
obs_then_wait_ma20_cxhzb_rs20_segment_5d,液冷/散热,77,17,18,50.0,11,22,0.0,0.0,0.0,-29.04
obs_then_wait_ma20_cxhzb_rs20_segment_5d,算力/IDC/算力租赁,80,37,41,60.98,20,31,0.0,-6.48,0.0,-7.75
obs_then_wait_ma20_cxhzb_rs20_segment_5d,算力芯片/GPU/CPU设计,40,7,7,42.86,4,25,0.0,0.0,0.0,6.12
obs_then_wait_ma20_cxhzb_rs20_segment_5d,覆铜板CCL,60,7,7,57.14,4,22,0.0,0.0,0.0,-15.5
obs_then_wait_ma20_cxhzb_rs20_segment_5d,连接器,40,9,9,0.0,0,17,0.0,0.0,0.0,-2.91
obs_then_wait_ma20_cxhzb_rs20_segment_5d,高速铜缆/铜连接,80,6,6,50.0,4,33,0.0,0.0,0.0,-8.23
obs_then_wait_ma20_rs20_segment_10d,AI服务器,80,66,124,43.55,35,26,0.0,-15.34,0.0,-16.19
obs_then_wait_ma20_rs20_segment_10d,存储芯片,67,46,85,62.35,31,31,0.0,-13.61,0.0,-3.35
obs_then_wait_ma20_rs20_segment_10d,算力芯片/GPU/CPU设计,40,32,54,53.7,19,23,0.0,-13.9,0.0,6.0
obs_then_wait_ma20_rs20_segment_10d,高速铜缆/铜连接,80,67,115,54.78,35,35,0.0,-18.47,0.0,-5.26
obs_then_wait_ma20_rs20_segment_15d,大模型/AI应用/AIGC,80,76,175,41.14,39,54,0.0,-20.31,0.0,10.11
obs_then_wait_ma20_rs20_segment_15d,存储芯片,67,55,109,56.88,32,28,0.0,-14.88,0.0,-12.92
obs_then_wait_ma20_rs20_segment_5d,AI服务器,80,61,98,46.94,32,26,0.0,-13.34,0.0,-19.12
obs_then_wait_ma20_rs20_segment_5d,半导体材料,20,14,15,60.0,9,7,0.0,-9.7,0.0,-17.34
obs_then_wait_ma20_rs20_segment_5d,大模型/AI应用/AIGC,80,72,117,41.88,37,53,0.0,-18.13,0.0,10.66
obs_then_wait_ma20_rs20_segment_5d,存储芯片,67,41,65,67.69,33,34,0.0,-9.89,0.0,1.21
obs_then_wait_ma20_rs20_segment_5d,服务器电源,60,49,78,56.41,29,27,0.0,-16.12,0.0,-15.45
obs_then_wait_ma20_rs20_segment_5d,液冷/散热,77,53,84,48.81,30,25,0.0,-16.27,0.0,-30.24
obs_then_wait_ma20_rs20_segment_5d,算力芯片/GPU/CPU设计,40,24,31,74.19,18,24,0.0,-5.9,0.0,9.39
obs_then_wait_ma20_rs20_segment_5d,覆铜板CCL,60,36,45,53.33,23,26,0.0,-9.92,0.0,-10.36
obs_then_wait_ma20_rs20_segment_5d,连接器,40,31,48,58.33,16,19,0.0,-9.77,0.0,-2.43
obs_then_wait_ma20_rs20_segment_5d,高速铜缆/铜连接,80,62,87,52.87,33,35,0.0,-16.44,0.0,-5.29
obs_then_wait_rs20_basket_10d,HBM,40,28,54,57.41,18,19,0.0,-21.09,0.0,-3.43
obs_then_wait_rs20_basket_10d,先进封装/封测,80,65,135,54.07,31,48,0.0,-15.53,0.0,5.42
obs_then_wait_rs20_basket_10d,半导体材料,20,13,24,50.0,6,7,0.0,-11.76,0.0,-10.41
obs_then_wait_rs20_basket_10d,液冷/散热,77,68,120,45.83,37,23,0.0,-16.54,0.0,-28.29
obs_then_wait_rs20_basket_15d,HBM,40,34,67,50.75,18,16,0.0,-21.91,0.0,-6.27
obs_then_wait_rs20_basket_15d,先进封装/封测,80,77,170,54.12,39,47,0.0,-17.6,0.0,5.91
obs_then_wait_rs20_basket_15d,半导体材料,20,16,31,61.29,9,7,0.0,-11.76,0.0,-6.29
obs_then_wait_rs20_basket_5d,HBM,40,27,47,57.45,15,18,0.0,-20.74,0.0,-7.57
obs_then_wait_rs20_basket_5d,PCB,66,47,62,45.16,23,18,0.0,-12.97,0.0,-47.8
obs_then_wait_rs20_basket_5d,先进封装/封测,80,59,104,58.65,31,45,0.0,-12.57,0.0,7.12
obs_then_wait_rs20_basket_5d,半导体材料,20,12,18,50.0,5,6,0.0,-11.76,0.0,-11.98
obs_then_wait_rs20_basket_5d,半导体设备,20,14,22,54.55,6,4,0.0,-11.09,0.0,-23.33
obs_then_wait_rs20_basket_5d,服务器电源,60,54,74,48.65,29,25,0.0,-14.19,0.0,-16.44
obs_then_wait_rs20_basket_5d,液冷/散热,77,58,85,49.41,38,23,0.0,-12.56,0.0,-29.29
obs_then_wait_rs20_basket_5d,算力芯片/GPU/CPU设计,40,34,49,40.82,17,27,0.0,-13.6,0.0,12.54
obs_then_wait_rs20_basket_5d,覆铜板CCL,60,44,66,59.09,28,23,0.0,-11.39,0.0,-6.17
obs_then_wait_rs20_basket_5d,高速铜缆/铜连接,80,54,77,59.74,34,35,0.0,-11.75,0.0,-6.79
obs_then_wait_rs20_segment_10d,高速铜缆/铜连接,80,73,140,57.86,39,34,0.0,-22.09,0.0,-12.62
obs_then_wait_rs20_segment_5d,AI服务器,80,72,129,45.74,36,27,0.0,-17.41,0.0,-13.84
obs_then_wait_rs20_segment_5d,覆铜板CCL,60,42,67,55.22,26,26,0.0,-11.45,0.0,-1.77
obs_then_wait_ma20_rs20_segment_5d,云计算,40,33,49,46.94,17,28,-0.07,-11.85,0.0,23.43
obs_then_wait_rs20_segment_5d,云计算,40,35,71,40.84,17,27,-0.13,-14.74,0.0,17.1
obs_then_wait_rs20_segment_15d,云计算,40,38,94,44.68,20,30,-0.2,-16.82,0.0,17.62
obs_then_wait_rs20_basket_10d,大模型/AI应用/AIGC,80,79,166,50.6,40,57,-0.27,-21.25,0.0,7.31
obs_then_wait_ma20_cxhzb_10d,云计算,40,25,34,23.53,6,27,-0.29,-9.13,0.0,11.26
obs_then_wait_cxhzb_15d,液冷/散热,77,74,146,39.04,38,17,-0.35,-22.63,0.0,-20.87
obs_then_wait_ma20_cxhzb_15d,算力芯片/GPU/CPU设计,40,36,64,34.37,17,25,-0.51,-15.67,0.0,7.85
obs_then_wait_caopan_5d,AIPC/端侧AI,40,35,57,31.58,17,26,-0.7,-17.27,0.0,12.7
obs_then_wait_caopan_10d,连接器,40,37,64,50.0,18,19,-0.93,-9.75,0.0,-2.22
obs_then_wait_ma20_cxhzb_15d,连接器,40,35,63,49.21,16,22,-0.99,-12.14,0.0,1.68
obs_direct,AIPC/端侧AI,40,40,108,48.15,20,28,0.57,-25.72,-0.01,11.29
obs_direct_wait0,AIPC/端侧AI,40,40,108,48.15,20,28,0.57,-25.72,-0.01,11.29
obs_then_wait_muma_5d,AIPC/端侧AI,40,38,102,52.94,20,29,0.49,-23.9,-0.01,13.07
obs_then_wait_muma_10d,连接器,40,40,81,49.38,20,18,0.06,-14.13,-0.01,-0.37
obs_then_wait_muma_15d,连接器,40,40,81,49.38,20,18,0.06,-14.13,-0.01,-0.37
obs_then_wait_rs20_basket_10d,半导体设备,20,18,31,48.39,8,5,-0.07,-15.87,-0.01,-18.38
obs_then_wait_rs20_basket_15d,半导体设备,20,18,31,48.39,8,5,-0.07,-15.87,-0.01,-18.38
obs_then_wait_rs20_basket_15d,服务器电源,60,60,112,50.0,30,23,-0.46,-23.22,-0.01,-12.61
obs_then_wait_cxhzb_15d,HBM,40,38,69,56.52,18,8,-0.7,-19.96,-0.02,-18.49
obs_then_wait_rs20_segment_10d,算力芯片/GPU/CPU设计,40,38,91,45.05,18,26,-2.73,-24.61,-0.02,9.93
obs_then_wait_rs20_segment_5d,算力芯片/GPU/CPU设计,40,37,62,40.32,17,26,-0.39,-16.34,-0.03,8.38
obs_direct,云计算,40,40,119,46.22,19,31,-0.76,-22.82,-0.03,15.62
obs_direct_wait0,云计算,40,40,119,46.22,19,31,-0.76,-22.82,-0.03,15.62
obs_then_wait_ma20_cxhzb_rs20_segment_15d,连接器,40,32,53,50.94,12,22,-1.28,-10.31,-0.03,1.35
obs_then_wait_ma20_cxhzb_rs20_segment_15d,交换机/网络设备,66,52,79,46.84,21,22,-0.9,-11.7,-0.04,-9.44
obs_then_wait_rs20_basket_15d,大模型/AI应用/AIGC,80,79,170,48.23,37,56,-1.11,-21.56,-0.04,7.16
obs_then_wait_cxhzb_15d,半导体设备,20,19,32,56.25,8,4,-0.65,-15.62,-0.05,-16.11
obs_then_wait_caopan_10d,云计算,40,36,63,38.09,14,26,-0.7,-15.28,-0.05,18.55
obs_then_wait_ma20_rs20_segment_15d,高速铜缆/铜连接,80,75,138,49.28,34,31,-1.36,-20.42,-0.05,-6.76
obs_direct,算力芯片/GPU/CPU设计,40,40,106,44.34,18,29,-2.16,-24.77,-0.06,12.89
obs_direct_wait0,算力芯片/GPU/CPU设计,40,40,106,44.34,18,29,-2.16,-24.77,-0.06,12.89
obs_then_wait_ma20_cxhzb_15d,HBM,40,37,63,57.14,17,12,-0.85,-17.11,-0.07,-16.98
obs_then_wait_cxhzb_15d,算力/IDC/算力租赁,80,78,162,43.21,36,28,-1.59,-20.0,-0.07,-12.26
obs_then_wait_ma20_rs20_segment_15d,云计算,40,38,88,48.86,15,31,-1.71,-19.19,-0.07,20.3
obs_then_wait_rs20_segment_15d,算力芯片/GPU/CPU设计,40,39,98,44.9,18,28,-1.84,-24.16,-0.07,12.4
obs_then_wait_ma20_rs20_segment_10d,云计算,40,37,77,48.05,16,30,-1.93,-16.21,-0.07,21.93
obs_then_wait_caopan_15d,大模型/AI应用/AIGC,80,77,169,39.64,33,41,-2.12,-19.76,-0.08,4.34
obs_then_wait_caopan_10d,大模型/AI应用/AIGC,80,76,154,39.61,33,41,-2.13,-19.13,-0.08,3.4
obs_then_wait_ma20_cxhzb_rs20_segment_15d,大模型/AI应用/AIGC,80,66,116,42.24,24,47,-1.39,-17.95,-0.09,4.37
obs_then_wait_cxhzb_10d,云计算,40,29,45,26.67,8,27,-1.91,-10.72,-0.09,14.28
obs_then_wait_rs20_basket_10d,服务器电源,60,58,98,45.92,27,23,-2.44,-22.31,-0.09,-13.57
obs_then_wait_rs20_basket_15d,PCB,66,61,101,41.58,27,19,-2.99,-16.94,-0.12,-45.92
obs_then_wait_cxhzb_15d,AIPC/端侧AI,40,38,73,41.1,17,29,-4.14,-21.39,-0.12,13.33
obs_then_wait_ma20_cxhzb_15d,AIPC/端侧AI,40,34,61,37.7,12,26,-2.57,-12.3,-0.13,13.29
obs_then_wait_caopan_10d,AIPC/端侧AI,40,36,74,28.38,15,28,-1.29,-22.3,-0.14,10.28
obs_then_wait_rs20_basket_15d,云计算,40,39,88,45.45,17,30,-2.42,-16.64,-0.14,20.16
obs_then_wait_caopan_15d,AIPC/端侧AI,40,39,80,30.0,17,28,-1.26,-22.3,-0.15,10.28
obs_then_wait_caopan_5d,连接器,40,33,45,42.22,11,18,-1.66,-9.52,-0.15,-4.49
obs_then_wait_ma20_cxhzb_rs20_segment_15d,算力芯片/GPU/CPU设计,40,33,48,29.17,9,26,-1.98,-13.32,-0.15,8.05
obs_then_wait_rs20_segment_15d,高速铜缆/铜连接,80,78,158,53.8,34,33,-2.9,-22.23,-0.18,-14.63
obs_then_wait_rs20_segment_15d,半导体设备,20,20,37,48.65,9,4,-1.9,-16.32,-0.2,-19.02
obs_then_wait_caopan_5d,半导体设备,20,15,18,33.33,5,4,-1.5,-12.43,-0.21,-27.92
obs_then_wait_cxhzb_15d,大模型/AI应用/AIGC,80,75,158,37.97,30,39,-5.5,-20.91,-0.22,-0.15
obs_then_wait_rs20_segment_10d,半导体设备,20,20,33,54.55,9,4,-2.2,-15.62,-0.23,-19.31
obs_then_wait_rs20_segment_5d,半导体设备,20,20,33,54.55,9,4,-2.2,-15.62,-0.23,-19.31
obs_then_wait_rs20_basket_10d,云计算,40,36,78,47.44,15,30,-2.78,-15.0,-0.23,21.3
obs_then_wait_ma20_cxhzb_15d,大模型/AI应用/AIGC,80,75,148,41.22,30,42,-5.5,-19.98,-0.24,1.04
obs_then_wait_rs20_basket_5d,云计算,40,34,63,44.44,13,28,-2.78,-12.28,-0.26,16.08
obs_then_wait_ma20_cxhzb_15d,云计算,40,39,68,30.88,12,27,-3.43,-16.69,-0.28,10.71
obs_then_wait_cxhzb_15d,云计算,40,39,78,26.92,13,26,-5.02,-16.84,-0.31,10.95
obs_then_wait_cxhzb_15d,算力芯片/GPU/CPU设计,40,39,72,30.56,17,25,-5.02,-17.12,-0.31,7.12
obs_then_wait_ma20_rs20_segment_15d,半导体设备,20,20,34,44.12,9,3,-5.27,-15.62,-0.33,-23.04
obs_then_wait_caopan_10d,半导体设备,20,17,26,34.62,6,3,-4.51,-14.71,-0.44,-27.92
obs_then_wait_caopan_15d,半导体设备,20,18,29,31.03,6,3,-4.51,-14.71,-0.44,-28.15
obs_then_wait_ma20_10d,半导体设备,20,20,34,44.12,9,4,-8.29,-18.0,-0.48,-22.82
obs_then_wait_ma20_15d,半导体设备,20,20,34,44.12,9,4,-8.29,-18.0,-0.48,-22.82
obs_then_wait_ma20_5d,半导体设备,20,19,31,48.39,9,4,-8.29,-17.74,-0.48,-22.46
obs_direct,半导体设备,20,20,40,37.5,9,1,-9.35,-22.55,-0.57,-25.86
obs_direct_wait0,半导体设备,20,20,40,37.5,9,1,-9.35,-22.55,-0.57,-25.86
obs_then_wait_muma_10d,半导体设备,20,20,40,37.5,9,1,-9.54,-22.62,-0.57,-27.23
obs_then_wait_muma_15d,半导体设备,20,20,40,37.5,9,1,-9.54,-22.62,-0.57,-27.23
obs_then_wait_muma_5d,半导体设备,20,20,40,37.5,9,1,-9.54,-22.62,-0.57,-27.23
